,address,version,transaction_count
0,0x1231deb6f5749ef6ce6943a275a1d3e7486f4eae,v0.8.17+commit.8df45f5f,3178986
1,0x00000000000000adc04c56bf30ac9d3c0aaf14dc,v0.8.17+commit.8df45f5f,2773663
2,0x0000000000a39bb272e79075ade125fd351887ac,v0.8.17+commit.8df45f5f,2547878
3,0xa5f565650890fba1824ee0f21ebbbf660a179934,v0.8.23+commit.f704f362,2417026
4,0x388c818ca8b9251b393131c08a736a67ccb19297,v0.8.9+commit.e5eed63a,2198946
5,0x29469395eaf6f95920e59f858042f0e28d98a20b,v0.8.17+commit.8df45f5f,2074131
6,0x4d224452801aced8b2f0aebe155379bb5d594381,v0.8.10+commit.fc410830,2028250
7,0x6131b5fae19ea4f9d964eac0408e4408b66337b5,v0.8.9+commit.e5eed63a,1992067
8,0xb2ecfe4e4d61f8790bbb9de2d1259b9e2410cea5,v0.8.17+commit.8df45f5f,1756919
9,0x87870bca3f3fd6335c3f4ce8392d69350b4fa4e2,v0.8.10+commit.fc410830,1679465
10,0x000000000000ad05ccc4f10045630fb830b95127,v0.8.17+commit.8df45f5f,1675544
11,0xb685760ebd368a891f27ae547391f4e2a289895b,v0.8.4+commit.c7e474f2,1666758
12,0xb131f4a55907b10d1f0a50d8ab8fa09ec342cd74,v0.8.20+commit.a1b79de6,1638069
13,0xd37bbe5744d730a1d98d8dc97c42f0ca46ad7146,v0.8.13+commit.abaa5c0e,1592275
14,0x68d30f47f19c07bccef4ac7fae2dc12fca3e0dc9,v0.8.24+commit.e11b9ed9,1561317
15,0x3c11f6265ddec22f4d049dde480615735f451646,v0.8.17+commit.8df45f5f,1505228
16,0x3a23f943181408eac424116af7b7790c94cb97a5,v0.8.7+commit.e28d00a7,1478845
17,0x00000000000001ad428e4906ae43d8f9852d0dd6,v0.8.17+commit.8df45f5f,1449196
18,0xfaba6f8e4a5e8ab82f62fe7c39859fa577269be3,v0.8.3+commit.8d00100c,1439965
19,0x253553366da8546fc250f225fe3d25d0c782303b,v0.8.17+commit.8df45f5f,1430056
20,0x3b4d794a66304f130a4db8f2551b0070dfcf5ca7,v0.8.25+commit.b61c2a91,1363713
21,0x00005ea00ac477b1030ce78506496e8c2de24bf5,v0.8.17+commit.8df45f5f,1337392
22,0xd19d4b5d358258f05d7b411e21a1460d11b0876f,v0.8.9+commit.e5eed63a,1320027
23,0x173272739bd7aa6e4e214714048a9fe699453059,v0.8.10+commit.fc410830,1319464
24,0xc02ab410f0734efa3f14628780e6e695156024c2,v0.8.22+commit.4fc1097e,1310592
25,0x2e1dee213ba8d7af0934c49a23187babeaca8764,v0.8.17+commit.8df45f5f,1295741
26,0x888888888889758f76e7103c6cbf23abbf58f946,v0.8.24+commit.e11b9ed9,1261942
27,0xd1d2eb1b1e90b638588728b4130137d262c87cae,v0.8.9+commit.e5eed63a,1253738
28,0x0000000071727de22e5e9d8baf0edac6f37da032,v0.8.23+commit.f704f362,1220012
29,0xb300000b72deaeb607a12d5f54773d1c19c7028d,v0.8.23+commit.f704f362,1203691
30,0x1c479675ad559dc151f6ec7ed3fbf8cee79582b6,v0.8.9+commit.e5eed63a,1185328
31,0x0439e60f02a8900a951603950d8d4527f400c3f1,v0.8.1+commit.df193b15,1177370
32,0x49048044d57e1c92a77f79988d21fa8faf74e97e,v0.8.15+commit.e14f2714,1126959
33,0x57e114b691db790c35207b2e685d4a43181e6061,v0.8.20+commit.a1b79de6,1087140
34,0xe73d53e3a982ab2750a0b76f9012e18b256cc243,v0.8.14+commit.80d49f37,1075179
35,0x5ff137d4b0fdcd49dca30c7cf57e578a026d2789,v0.8.17+commit.8df45f5f,1060351
36,0x6088d94c5a40cecd3ae2d4e0710ca687b91c61d0,v0.8.17+commit.8df45f5f,1035193
37,0x663dc15d3c1ac63ff12e45ab68fea3f0a883c251,v0.8.2+commit.661d1103,1013858
38,0x3819f64f282bf135d62168c1e513280daf905e06,v0.8.9+commit.e5eed63a,998635
39,0x44e94034afce2dd3cd5eb62528f239686fc8f162,v0.8.17+commit.8df45f5f,997953
40,0xec53bf9167f50cdeb3ae105f56099aaab9061f83,v0.8.20+commit.a1b79de6,967656
41,0x00000047bb99ea4d791bb749d970de71ee0b1a34,v0.8.18+commit.87f61d96,957401
42,0xf57e7e7c23978c3caec3c3548e3d615c346e79ff,v0.8.0+commit.c7dfd78e,919645
43,0x74312363e45dcaba76c59ec49a7aa8a65a67eed3,v0.8.2+commit.661d1103,901845
44,0x6774bcbd5cecef1336b5300fb5186a12ddd8b367,v0.8.16+commit.07a7930e,896275
45,0xa59ba433ac34d2927232918ef5b2eaafcf130ba5,v0.8.22+commit.4fc1097e,871857
46,0xc18360217d8f7ab5e7c516566761ea12ce7f9d72,v0.8.7+commit.e28d00a7,868040
47,0xee7ae85f2fe2239e27d9c1e23fffe168d63b4055,v0.8.24+commit.e11b9ed9,860612
48,0x5e4e65926ba27467555eb562121fac00d24e9dd2,v0.8.9+commit.e5eed63a,854607
49,0x0000000000c2d145a2526bd8c716263bfebe1a72,v0.8.16+commit.07a7930e,836105
50,0x77edae6a5f332605720688c7fda7476476e8f83f,v0.8.9+commit.e5eed63a,820154
51,0xb517850510997a34b4ddc8c3797b4f83fad510c4,v0.8.9+commit.e5eed63a,816738
52,0x7d0ccaa3fac1e5a943c5168b6ced828691b46b36,v0.8.17+commit.8df45f5f,794933
53,0x6a000f20005980200259b80c5102003040001068,v0.8.22+commit.4fc1097e,771558
54,0xc71b5f631354be6853efe9c3ab6b9590f8302e81,v0.8.24+commit.e11b9ed9,766765
55,0xc38e4e6a15593f908255214653d3d947ca1c2338,v0.8.4+commit.c7e474f2,763853
56,0x1a0ad011913a150f69f6a19df447a0cfd9551054,v0.8.15+commit.e14f2714,745938
57,0x39053d51b77dc0d36036fc1fcc8cb819df8ef37a,v0.8.12+commit.f00d7308,745855
58,0x3ee18b2214aff97000d974cf647e7c347e8fa585,v0.8.4+commit.c7e474f2,740399
59,0x5954ab967bc958940b7eb73ee84797dc8a2afbb9,v0.8.10+commit.fc410830,740247
60,0xb584d4be1a5470ca1a8778e9b86c81e165204599,v0.8.4+commit.c7e474f2,736144
61,0x8457ca5040ad67fdebbcc8edce889a335bc0fbfb,v0.8.23+commit.f704f362,729978
62,0x69460570c93f9de5e2edbc3052bf10125f0ca22d,v0.8.16+commit.07a7930e,728522
63,0xa13baf47339d63b743e7da8741db5456dac1e556,v0.8.16+commit.07a7930e,724593
64,0x26d85a13212433fe6a8381969c2b0db390a0b0ae,v0.8.20+commit.a1b79de6,709527
65,0x8fafae7dd957044088b3d0f67359c327c6200d18,v0.8.22+commit.4fc1097e,697478
66,0x5283d291dbcf85356a21ba090e6db59121208b44,v0.8.17+commit.8df45f5f,676438
67,0x3db52ce065f728011ac6732222270b3f2360d919,v0.8.17+commit.8df45f5f,669526
68,0x4cd00e387622c35bddb9b4c962c136462338bc31,v0.8.28+commit.7893614a,666857
69,0x3b484b82567a09e2588a13d54d032153f0c0aee0,v0.8.4+commit.c7e474f2,647070
70,0x589dedbd617e0cbcb916a9223f4d1300c294236b,v0.8.22+commit.4fc1097e,644161
71,0x4c9edd5852cd905f086c759e8383e09bff1e68b3,v0.8.19+commit.7dd6d404,627078
72,0x5e1f62dac767b0491e3ce72469c217365d5b48cc,v0.8.17+commit.8df45f5f,619868
73,0x83c8f28c26bf6aaca652df1dbbe0e1b56f8baba2,v0.8.11+commit.d7f03943,614856
74,0xf4d2888d29d722226fafa5d9b24f9164c092421e,v0.8.7+commit.e28d00a7,612061
75,0xbe0ed4138121ecfc5c0e56b40517da27e6c5226b,v0.8.18+commit.87f61d96,612012
76,0xfe0c30065b384f05761f15d0cc899d4f9f9cc0eb,v0.8.24+commit.e11b9ed9,595751
77,0x59728544b08ab483533076417fbbb2fd0b17ce3a,v0.8.7+commit.e28d00a7,568354
78,0xcf0c122c6b73ff809c693db761e7baebe62b6a2e,v0.8.11+commit.d7f03943,567496
79,0xd0ec028a3d21533fdd200838f39c85b03679285d,v0.8.20+commit.a1b79de6,563035
80,0xda5e1988097297dcdc1f90d4dfe7909e847cbef6,v0.8.20+commit.a1b79de6,553504
81,0xd56e4eab23cb81f43168f9f45211eb027b9ac7cc,v0.8.19+commit.7dd6d404,548489
82,0x0000000000664ceffed39244a8312bd895470803,v0.8.19+commit.7dd6d404,518599
83,0xf951e335afb289353dc249e82926178eac7ded78,v0.8.9+commit.e5eed63a,517978
84,0x767fe9edc9e0df98e07454847909b5e959d7ca0e,v0.8.1+commit.df193b15,514444
85,0xcf5540fffcdc3d510b18bfca6d2b9987b0772559,v0.8.8+commit.dddeac2f,514326
86,0xaacfdf323b44d8b27319249ca3ee1b3aa05083b2,v0.8.19+commit.7dd6d404,510930
87,0x06a9ab27c7e2255df1815e6cc0168d7755feb19a,v0.8.24+commit.e11b9ed9,497481
88,0x0000000aa232009084bd71a5797d089aa4edfad4,v0.8.26+commit.8a97fa7a,491549
89,0x455e53cbb86018ac2b8092fdcd39d8444affc3f6,v0.8.21+commit.d9974bed,489393
90,0xf6801d319497789f934ec7f83e142a9536312b08,v0.8.17+commit.8df45f5f,488729
91,0xe7351fd770a37282b91d153ee690b63579d6dd7f,v0.8.9+commit.e5eed63a,487848
92,0xa35923162c49cf95e6bf26623385eb431ad920d3,v0.8.18+commit.87f61d96,484635
93,0x64bc2ca1be492be7185faa2c8835d9b824c8a194,v0.8.4+commit.c7e474f2,483250
94,0x163f8c2467924be0ae7b5347228cabf260318753,v0.8.19+commit.7dd6d404,477600
95,0xbcd7254a1d759efa08ec7c3291b2e85c5dcc12ce,v0.8.7+commit.e28d00a7,477360
96,0xbbbfd134e9b44bfb5123898ba36b01de7ab93d98,v0.8.28+commit.7893614a,476719
97,0xef4fb24ad0916217251f553c0596f8edc630eb66,v0.8.9+commit.e5eed63a,469241
98,0xf5042e6ffac5a625d4e7848e0b01373d8eb9e222,v0.8.28+commit.7893614a,448416
99,0x932261f9fc8da46c4a22e31b45c4de60623848bf,v0.8.13+commit.abaa5c0e,446846
100,0x3b3ae790df4f312e745d270119c6052904fb6790,v0.8.2+commit.661d1103,437088
101,0x97a9a15168c22b3c137e6381037e1499c8ad0978,v0.8.24+commit.e11b9ed9,435856
102,0xd4307e0acd12cf46fd6cf93bc264f5d5d1598792,v0.8.17+commit.8df45f5f,434232
103,0x000000000022d473030f116ddee9f6b43ac78ba3,v0.8.17+commit.8df45f5f,431585
104,0xf19308f923582a6f7c465e5ce7a9dc1bec6665b1,v0.8.21+commit.d9974bed,423174
105,0x858646372cc42e1a627fce94aa7a7033e7cf075a,v0.8.12+commit.f00d7308,421965
106,0x19b5cc75846bf6286d599ec116536a333c4c2c14,v0.8.20+commit.a1b79de6,416139
107,0xd3bede0d95ff696c3545c2802b1b7f0f97b8f264,v0.8.30+commit.73712a01,410178
108,0x5f6ae08b8aeb7078cf2f96afb089d7c9f51da47d,v0.8.17+commit.8df45f5f,404853
109,0xfc99f58a8974a4bc36e60e2d490bb8d72899ee9f,v0.8.2+commit.661d1103,404605
110,0xff1f2b4adb9df6fc8eafecdcbf96a2b351680455,v0.8.10+commit.fc410830,401239
111,0x3154cf16ccdb4c6d922629664174b904d80f2c35,v0.8.15+commit.e14f2714,394624
112,0xc059a531b4234d05e9ef4ac51028f7e6156e2cce,v0.8.9+commit.e5eed63a,391216
113,0x3073f7aaa4db83f95e9fff17424f71d4751a3073,v0.8.26+commit.8a97fa7a,386258
114,0x35f4817b14718c66dbbdba085f5f8d2c3a4aa420,v0.8.25+commit.b61c2a91,377368
115,0x320623b8e4ff03373931769a31fc52a4e78b5d70,v0.8.4+commit.c7e474f2,374446
116,0x6e2a43be0b1d33b726f0ca3b8de60b3482b8b050,v0.8.9+commit.e5eed63a,373855
117,0x9234f83473c03be04358afc3497d6293b2203288,v0.8.24+commit.e11b9ed9,365962
118,0x5427fefa711eff984124bfbb1ab6fbf5e3da1820,v0.8.9+commit.e5eed63a,365462
119,0xfaf17849fb05a11a4e233f221bac99ca43fc83f8,v0.8.20+commit.a1b79de6,364708
120,0xf1f3ca6268f330fda08418db12171c3173ee39c9,v0.8.4+commit.c7e474f2,352854
121,0x92e929d8b2c8430bcaf4cd87654789578bb2b786,v0.8.0+commit.c7dfd78e,349745
122,0xca11bde05977b3631167028862be2a173976ca11,v0.8.12+commit.f00d7308,349040
123,0x62d0a8458ed7719fdaf978fe5929c6d342b0bfce,v0.8.6+commit.11564f7e,348836
124,0xd9a442856c234a39a81a089c06451ebaa4306a72,v0.8.23+commit.f704f362,348671
125,0x39da41747a83aee658334415666f3ef92dd0d541,v0.8.13+commit.abaa5c0e,346796
126,0x2401c39d7ba9e283668a53fcc7b8f5fd9e716fdf,v0.8.17+commit.8df45f5f,344905
127,0x57b8792c775d34aa96092400983c3e112fcbc296,v0.8.9+commit.e5eed63a,344347
128,0xbd216513d74c8cf14cf4747e6aaa6420ff64ee9e,v0.8.26+commit.8a97fa7a,341304
129,0x0de8bf93da2f7eecb3d9169422413a9bef4ef628,v0.8.17+commit.8df45f5f,340759
130,0xce16f69375520ab01377ce7b88f5ba8c48f8d666,v0.8.17+commit.8df45f5f,338964
131,0x473037de59cf9484632f4a27b509cfe8d4a31404,v0.8.10+commit.fc410830,337165
132,0x4c1746a800d224393fe2470c70a35717ed4ea5f1,v0.8.25+commit.b61c2a91,335211
133,0xc005dc82818d67af737725bd4bf75435d065d239,v0.8.19+commit.7dd6d404,327940
134,0xcd5fe23c85820f7b72d0926fc9b05b43e359b7ee,v0.8.13+commit.abaa5c0e,325693
135,0x211e1c4c7f1bf5351ac850ed10fd68cffcf6c21b,v0.8.9+commit.e5eed63a,324567
136,0xe42cad6fc883877a76a26a16ed92444ab177e306,v0.8.16+commit.07a7930e,323368
137,0xe0f63a424a4439cbe457d80e4f4b51ad25b2c56c,v0.8.19+commit.7dd6d404,319012
138,0xc555d625828c4527d477e595ff1dd5801b4a600e,v0.8.20+commit.a1b79de6,318868
139,0x14fee680690900ba0cccfc76ad70fd1b95d10e16,v0.8.19+commit.7dd6d404,317156
140,0xbc0663ef63add180609944c58ba7d4851890ca45,v0.8.4+commit.c7e474f2,315225
141,0xb528edbef013aff855ac3c50b381f253af13b997,v0.8.20+commit.a1b79de6,311953
142,0x8707f238936c12c309bfc2b9959c35828acfc512,v0.8.20+commit.a1b79de6,310852
143,0xaaee1a9723aadb7afa2810263653a34ba2c21c7a,v0.8.18+commit.87f61d96,307610
144,0x308861a430be4cce5502d0a12724771fc6daf216,v0.8.13+commit.abaa5c0e,302727
145,0x36e66fbbce51e4cd5bd3c62b637eb411b18949d4,v0.8.24+commit.e11b9ed9,300789
146,0x2a3dd3eb832af982ec71669e178424b10dca2ede,v0.8.17+commit.8df45f5f,296946
147,0x34d85c9cdeb23fa97cb08333b511ac86e1c4e258,v0.8.10+commit.fc410830,292746
148,0x89c6340b1a1f4b25d36cd8b063d49045caf3f818,v0.8.17+commit.8df45f5f,291442
149,0xf047ab4c75cebf0eb9ed34ae2c186f3611aeafa6,v0.8.24+commit.e11b9ed9,290355
150,0x3335733c454805df6a77f825f266e136fb4a3333,v0.8.17+commit.8df45f5f,287831
151,0x864baa13e01d8f9e26549dc91b458cd15e34eb7c,v0.8.19+commit.7dd6d404,287676
152,0xc03f31fd86a9077785b7bcf6598ce3598fa91113,v0.8.10+commit.fc410830,284043
153,0x24fcfc492c1393274b6bcd568ac9e225bec93584,v0.8.4+commit.c7e474f2,279736
154,0x88909d489678dd17aa6d9609f89b0419bf78fd9a,v0.8.20+commit.a1b79de6,278751
155,0x4313c378cc91ea583c91387b9216e2c03096b27f,v0.8.9+commit.e5eed63a,278686
156,0x2b08d7cf7eaff0f5f6623d9fb09b080726d4be11,v0.8.21+commit.d9974bed,277474
157,0x9a15bb3a8fec8d0d810691bafe36f6e5d42360f7,v0.8.9+commit.e5eed63a,277446
158,0xac4c6e212a361c968f1725b4d055b47e63f80b75,v0.8.24+commit.e11b9ed9,272254
159,0x9d58779365b067d5d3fcc6e92d237acd06f1e6a1,v0.8.3+commit.8d00100c,272243
160,0x68749665ff8d2d112fa859aa293f07a622782f38,v0.8.2+commit.661d1103,271500
161,0x904567252d8f48555b7447c67dca23f0372e16be,v0.8.30+commit.73712a01,270873
162,0x5c891d76584b46bc7f1e700169a76569bb77d2db,v0.8.9+commit.e5eed63a,270820
163,0x46950ba8946d7be4594399bcf203fb53e1fd7d37,v0.8.16+commit.07a7930e,269547
164,0xc5622f143972a5da6aabc5f5379311ee5eb48568,v0.8.2+commit.661d1103,268557
165,0x22ce84a7f86662b78e49c6ec9e51d60fdde7b70a,v0.8.18+commit.87f61d96,268019
166,0xe87753eb91d6a61ea342bb9044a97764366cc7b2,v0.8.9+commit.e5eed63a,267723
167,0x6985884c4392d348587b19cb9eaaf157f13271cd,v0.8.22+commit.4fc1097e,267688
168,0x40a50cf069e992aa4536211b23f286ef88752187,v0.8.16+commit.07a7930e,267318
169,0x09c30cdcdd971423cb3ba757a47d56c35d06d818,v0.8.24+commit.e11b9ed9,266498
170,0xeeeeee9ec4769a09a76a83c7bc42b185872860ee,v0.8.25+commit.b61c2a91,262963
171,0x4fef9d741011476750a243ac70b9789a63dd47df,v0.8.22+commit.4fc1097e,260408
172,0x3b50805453023a91a8bf641e279401a0b23fa6f9,v0.8.25+commit.b61c2a91,259793
173,0x004395edb43efca9885cedad51ec9faf93bd34ac,v0.8.16+commit.07a7930e,259470
174,0x8c0bfc04ada21fd496c55b8c50331f904306f564,v0.8.24+commit.e11b9ed9,258092
175,0x95835589f6e03a9a0f3bae95ab41c75122101fc8,v0.8.28+commit.7893614a,255264
176,0x61e24ce4efe61eb2efd6ac804445df65f8032955,v0.8.21+commit.d9974bed,255061
177,0x4d9079bb4165aeb4084c526a32695dcfd2f77381,v0.8.13+commit.abaa5c0e,253581
178,0xca14007eff0db1f8135f4c25b34de49ab0d42766,v0.8.16+commit.07a7930e,253109
179,0xfc4913214444af5c715cc9f7b52655e788a569ed,v0.8.15+commit.e14f2714,252366
180,0xd01607c3c5ecaba394d8be377a08590149325722,v0.8.22+commit.4fc1097e,251349
181,0x9f452b7cc24e6e6fa690fe77cf5dd2ba3dbf1ed9,v0.8.7+commit.e28d00a7,251027
182,0xa0ef786bf476fe0810408caba05e536ac800ff86,v0.8.12+commit.f00d7308,250939
183,0xb23d80f5fefcddaa212212f028021b41ded428cf,v0.8.7+commit.e28d00a7,243695
184,0xc4448b71118c9071bcb9734a0eac55d18a153949,v0.8.9+commit.e5eed63a,243017
185,0x8d0d000ee44948fc98c9b98a4fa4921476f08b0d,v0.8.14+commit.80d49f37,242116
186,0x4d1c297d39c5c1277964d0e3f8aa901493664530,v0.8.27+commit.40a35a09,239868
187,0xba3cb449bd2b4adddbc894d8697f5170800eadec,v0.8.16+commit.07a7930e,238928
188,0x5f04d47d698f79d76f85e835930170ff4c4ebdb7,v0.8.19+commit.7dd6d404,238077
189,0x6b7a87899490ece95443e979ca9485cbe7e71522,v0.8.1+commit.df193b15,237469
190,0x8be3460a480c80728a8c4d7a5d5303c85ba7b3b9,v0.8.26+commit.8a97fa7a,236783
191,0x3d90f66b534dd8482b181e24655a9e8265316be9,v0.8.17+commit.8df45f5f,236177
192,0xf0163c18f8d3fc8d5b4ca15e07d0f9f75460335f,v0.8.9+commit.e5eed63a,236139
193,0x1bbe973bef3a977fc51cbed703e8ffdefe001fed,v0.8.20+commit.a1b79de6,234685
194,0x3c3a81e81dc49a522a592e7622a7e711c06bf354,v0.8.15+commit.e14f2714,234216
195,0xb50721bcf8d664c30412cfbc6cf7a15145234ad1,v0.8.16+commit.07a7930e,233102
196,0xf0db65d17e30a966c2ae6a21f6bba71cea6e9754,v0.8.28+commit.7893614a,232910
197,0x812ba41e071c7b7fa4ebcfb62df5f45f6fa853ee,v0.8.25+commit.b61c2a91,231725
198,0xb58a659eee982fe4e6ce0c2c37ebd0f7e8224d7e,v0.8.23+commit.f704f362,231520
199,0xcdf7028ceab81fa0c6971208e83fa7872994bee5,v0.8.9+commit.e5eed63a,229910
200,0x35fa164735182de50811e8e2e824cfb9b6118ac2,v0.8.13+commit.abaa5c0e,228847
201,0x9757f2d2b135150bbeb65308d4a91804107cd8d6,v0.8.2+commit.661d1103,228725
202,0x00000000009726632680fb29d3f7a9734e3010e2,v0.8.11+commit.d7f03943,227955
203,0x66761fa41377003622aee3c7675fc7b5c1c2fac5,v0.8.7+commit.e28d00a7,225612
204,0x31d70b48f653d487981076f02becfbb8f46daf3f,v0.8.9+commit.e5eed63a,223975
205,0x0ec68c5b10f21effb74f2a5c61dfe6b08c0db6cb,v0.8.15+commit.e14f2714,223459
206,0x76a0e27618462bdac7a29104bdcfff4e6bfcea2d,v0.8.28+commit.7893614a,223250
207,0x3ef3d8ba38ebe18db133cec108f4d14ce00dd9ae,v0.8.17+commit.8df45f5f,223126
208,0x00000000005bbb0ef59571e58418f9a4357b68a0,v0.8.23+commit.f704f362,220175
209,0xa0425d71cb1d6fb80e65a5361a04096e0672de03,v0.8.20+commit.a1b79de6,219797
210,0xd72a6ba4a87ddb33e801b3f1c7750b2d0911fc6c,v0.8.9+commit.e5eed63a,219390
211,0x467719ad09025fcc6cf6f8311755809d45a5e5f3,v0.8.9+commit.e5eed63a,218178
212,0x7613c48e0cd50e42dd9bf0f6c235063145f6f8dc,v0.8.23+commit.f704f362,217788
213,0xbf5495efe5db9ce00f80364c8b423567e58d2110,v0.8.10+commit.fc410830,217624
214,0x626e8036deb333b408be468f951bdb42433cbf18,v0.8.3+commit.8d00100c,216090
215,0xf8b1378579659d8f7ee5f3c929c2f3e332e41fd6,v0.8.16+commit.07a7930e,216081
216,0x035bdaeab85e47710c27eda7fd754ba80ad4ad02,v0.8.23+commit.f704f362,214497
217,0x156acd2bc5fc336d59baae602a2bd9b5e20d6672,v0.8.17+commit.8df45f5f,213852
218,0xf2614a233c7c3e7f08b1f887ba133a13f1eb2c55,v0.8.10+commit.fc410830,212358
219,0x77b2043768d28e9c9ab44e1abfc95944bce57931,v0.8.22+commit.4fc1097e,211745
220,0x9d39a5de30e57443bff2a8307a4256c8797a3497,v0.8.19+commit.7dd6d404,211502
221,0xadd39272e83895e7d3f244f696b7a25635f34234,v0.8.9+commit.e5eed63a,211220
222,0xe3c408bd53c31c085a1746af401a4042954ff740,v0.8.10+commit.fc410830,210046
223,0x735adbbe72226bd52e818e7181953f42e3b0ff21,v0.8.15+commit.e14f2714,209474
224,0x66b0fa76a0f54a04ffb7bf1bed1e1b009af9c908,v0.8.9+commit.e5eed63a,208877
225,0x6566194141eefa99af43bb5aa71460ca2dc90245,v0.8.28+commit.7893614a,208477
226,0xd91efec7e42f80156d1d9f660a69847188950747,v0.8.9+commit.e5eed63a,206665
227,0x80c62fe4487e1351b47ba49809ebd60ed085bf52,v0.8.0+commit.c7dfd78e,206633
228,0xde63b92033aa77b115db1cec612029625d1c8fa5,v0.8.23+commit.f704f362,205250
229,0x8e02d37b6cad86039bdd11095b8c879b907f7d10,v0.8.23+commit.f704f362,204695
230,0x72e4f9f808c49a2a61de9c5896298920dc4eeea9,v0.8.19+commit.7dd6d404,203244
231,0x32353a6c91143bfd6c7d363b546e62a9a2489a20,v0.8.7+commit.e28d00a7,203070
232,0x26d3681dfc9e4c8c79cfbf461adec8a21d5d73c5,v0.8.26+commit.8a97fa7a,201755
233,0xf944e35f95e819e752f3ccb5faf40957d311e8c5,v0.8.22+commit.4fc1097e,200670
234,0x33b41fe18d3a39046ad672f8a0c8c415454f629c,v0.8.23+commit.f704f362,199248
235,0xfa1c09fc8b491b6a4d3ff53a10cad29381b3f949,v0.8.28+commit.7893614a,198596
236,0xdf9aceddd8a8c130dfe3015c0b1b507cf6571fc9,v0.8.28+commit.7893614a,196452
237,0x0e3efd5be54cc0f4c64e0d186b0af4b7f2a0e95f,v0.8.4+commit.c7e474f2,195778
238,0x231b0ee14048e9dccd1d247744d114a4eb5e8e63,v0.8.17+commit.8df45f5f,195622
239,0x7a58c0be72be218b41c608b7fe7c5bb630736c71,v0.8.6+commit.11564f7e,194671
240,0x889edc2edab5f40e902b864ad4d7ade8e412f9b1,v0.8.9+commit.e5eed63a,191825
241,0x38e382f74dfb84608f3c1f10187f6bef5951de93,v0.8.12+commit.f00d7308,191576
242,0xe43ca1dee3f0fc1e2df73a0745674545f11a59f5,v0.8.10+commit.fc410830,191301
243,0xb45a2dda996c32e93b8c47098e90ed0e7ab18e39,v0.8.17+commit.8df45f5f,190381
244,0x0a6e7ba5042b38349e437ec6db6214aec7b35676,v0.8.23+commit.f704f362,188699
245,0x5523985926aa12ba58dc5ad00ddca99678d7227e,v0.8.2+commit.661d1103,188320
246,0x29ef46035e9fa3d570c598d3266424ca11413b0c,v0.8.10+commit.fc410830,187848
247,0xb3999f658c0391d94a37f7ff328f3fec942bcadc,v0.8.11+commit.d7f03943,187732
248,0x25ab3efd52e6470681ce037cd546dc60726948d3,v0.8.16+commit.07a7930e,186992
249,0x249e38ea4102d0cf8264d3701f1a0e39c4f2dc3b,v0.8.4+commit.c7e474f2,186782
250,0x64192819ac13ef72bf6b5ae239ac672b43a9af08,v0.8.9+commit.e5eed63a,185223
251,0x60e4d786628fea6478f785a6d7e704777c86a7c6,v0.8.6+commit.11564f7e,184366
252,0x8236a87084f8b84306f72007f36f2618a5634494,v0.8.20+commit.a1b79de6,184266
253,0xed35af169af46a02ee13b9d79eb57d6d68c1749e,v0.8.2+commit.661d1103,183298
254,0x25b4f5d4c314bcd5d7962734936c957b947cb7cf,v0.8.19+commit.7dd6d404,182946
255,0xf5e10380213880111522dd0efd3dbb45b9f62bcc,v0.8.20+commit.a1b79de6,182761
256,0x576e2bed8f7b46d34016198911cdf9886f78bea7,v0.8.20+commit.a1b79de6,182609
257,0x5faa989af96af85384b8a938c2ede4a7378d9875,v0.8.6+commit.11564f7e,182260
258,0x6d6620efa72948c5f68a3c8646d58c00d3f4a980,v0.8.22+commit.4fc1097e,182149
259,0x5ae97e4770b7034c7ca99ab7edc26a18a23cb412,v0.8.24+commit.e11b9ed9,181515
260,0x57e9e78a627baa30b71793885b952a9006298af6,v0.8.25+commit.b61c2a91,181087
261,0xabd4c63d2616a5201454168269031355f4764337,v0.8.20+commit.a1b79de6,181034
262,0x3caca7b48d0573d793d3b0279b5f0029180e83b6,v0.8.0+commit.c7dfd78e,180333
263,0xa46f952645d4deec07a7cd98d1ec9ec888d4b61e,v0.8.17+commit.8df45f5f,180141
264,0x0a252663dbcc0b073063d6420a40319e438cfa59,v0.8.17+commit.8df45f5f,180019
265,0x8143182a775c54578c8b7b3ef77982498866945d,v0.8.17+commit.8df45f5f,179857
266,0xe2ad0bf751834f2fbdc62a41014f84d67ca1de2a,v0.8.26+commit.8a97fa7a,178581
267,0x5bcfd99c34cf7e06fc756f6f5ae7400504852bc4,v0.8.24+commit.e11b9ed9,178125
268,0xdb8d79c775452a3929b86ac5deab3e9d38e1c006,v0.8.17+commit.8df45f5f,177899
269,0x30a4aa1d14d44f0f5bfe887447ab6facc94a549f,v0.8.17+commit.8df45f5f,177846
270,0xee72f1035c706478f84ab9480e45b427aa6b6682,v0.8.20+commit.a1b79de6,176610
271,0x3ffeea07a27fab7ad1df5297fa75e77a43cb5790,v0.8.20+commit.a1b79de6,176204
272,0xe6bfd33f52d82ccb5b37e16d3dd81f9ffdabb195,v0.8.28+commit.7893614a,175055
273,0xfaff15c6cdaca61a4f87d329689293e07c98f578,v0.8.4+commit.c7e474f2,174732
274,0x2e258dbb253b7e1c0846f212b9b36a2f783ba436,v0.8.26+commit.8a97fa7a,174685
275,0x549020a9cb845220d66d3e9c6d9f9ef61c981102,v0.8.10+commit.fc410830,172336
276,0x42bbfa2e77757c645eeaad1655e0911a7553efbc,v0.8.0+commit.c7dfd78e,172294
277,0xc77ad0a71008d7094a62cfbd250a2eb2afdf2776,v0.8.4+commit.c7e474f2,172052
278,0x4095f064b8d3c3548a3bebfd0bbfd04750e30077,v0.8.24+commit.e11b9ed9,172018
279,0xe6cd4727a1058e6973e973986d0493f1e7975ef8,v0.8.9+commit.e5eed63a,170100
280,0xf3b9569f82b18aef890de263b84189bd33ebe452,v0.8.10+commit.fc410830,169031
281,0x086f405146ce90135750bbec9a063a8b20a8bffb,v0.8.29+commit.ab55807c,168748
282,0x5132a183e9f3cb7c848b0aac5ae0c4f0491b7ab2,v0.8.9+commit.e5eed63a,168065
283,0x4f4495243837681061c4743b74b3eedf548d56a5,v0.8.9+commit.e5eed63a,165695
284,0xaeb0c00d0125a8a788956ade4f4f12ead9f65ddf,v0.8.20+commit.a1b79de6,165672
285,0xa2ab69a98a30050afce7e9ecd39231223d74fd09,v0.8.20+commit.a1b79de6,165624
286,0x7f5f854ffb6b7701540a00c69c4ab2de2b34291d,v0.8.2+commit.661d1103,165463
287,0x97ad75064b20fb2b2447fed4fa953bf7f007a706,v0.8.26+commit.8a97fa7a,164885
288,0xfb071837728455c581f370704b225ac9eabdfa4a,v0.8.9+commit.e5eed63a,164575
289,0xf94e7d0710709388bce3161c32b4eea56d3f91cc,v0.8.17+commit.8df45f5f,164450
290,0xd31a59c85ae9d8edefec411d448f90841571b89c,v0.8.4+commit.c7e474f2,164307
291,0x2cc8342d7c8bff5a213eb2cde39de9a59b3461a7,v0.8.4+commit.c7e474f2,163148
292,0xee2a03aa6dacf51c18679c516ad5283d8e7c2637,v0.8.20+commit.a1b79de6,163086
293,0x8e6cd950ad6ba651f6dd608dc70e5886b1aa6b24,v0.8.4+commit.c7e474f2,162003
294,0x046eee2cc3188071c02bfc1745a6b17c656e3f3d,v0.8.9+commit.e5eed63a,161923
295,0xf2c88757f8d03634671208935974b60a2a28bdb3,v0.8.22+commit.4fc1097e,161566
296,0xb6d149c8dda37aaaa2f8ad0934f2e5682c35890b,v0.8.23+commit.f704f362,161509
297,0x1dfe7ca09e99d10835bf73044a23b73fc20623df,v0.8.7+commit.e28d00a7,161439
298,0x602c90d796d746b97a36f075d9f3b2892b9b07c2,v0.8.22+commit.4fc1097e,161029
299,0x946fb08103b400d1c79e07acccdef5cfd26cd374,v0.8.26+commit.8a97fa7a,160051
300,0xf17e65822b568b3903685a7c9f496cf7656cc6c2,v0.8.4+commit.c7e474f2,159801
301,0x50f9bde1c76bba997a5d6e7fefff695ec8536194,v0.8.16+commit.07a7930e,159097
302,0x44ff8620b8ca30902395a7bd3f2407e1a091bf73,v0.8.20+commit.a1b79de6,159075
303,0x12970e6868f88f6557b76120662c1b3e50a646bf,v0.8.19+commit.7dd6d404,158807
304,0xc30141b657f4216252dc59af2e7cdb9d8792e1b0,v0.8.4+commit.c7e474f2,158335
305,0x8ed97a637a790be1feff5e888d43629dc05408f6,v0.8.17+commit.8df45f5f,158150
306,0x8d0802559775c70fb505f22988a4fd4a4f6d3b62,v0.8.9+commit.e5eed63a,157821
307,0x8888888199b2df864bf678259607d6d5ebb4e3ce,v0.8.29+commit.ab55807c,157507
308,0xccc8cb5229b0ac8069c51fd58367fd1e622afd97,v0.8.0+commit.c7dfd78e,157317
309,0x604dd02d620633ae427888d41bfd15e38483736e,v0.8.10+commit.fc410830,157175
310,0x609c690e8f7d68a59885c9132e812eebdaaf0c9e,v0.8.18+commit.87f61d96,155417
311,0x6bba316c48b49bd1eac44573c5c871ff02958469,v0.8.4+commit.c7e474f2,154616
312,0xfae103dc9cf190ed75350761e95403b7b8afa6c0,v0.8.9+commit.e5eed63a,154536
313,0xbe9371326f91345777b04394448c23e2bfeaa826,v0.8.17+commit.8df45f5f,154180
314,0xb62e45c3df611dce236a6ddc7a493d79f9dfadef,v0.8.9+commit.e5eed63a,154026
315,0x617dee16b86534a5d792a4d7a62fb491b544111e,v0.8.9+commit.e5eed63a,153766
316,0x870679e138bcdf293b7ff14dd44b70fc97e12fc0,v0.8.12+commit.f00d7308,153192
317,0x68bbed6a47194eff1cf514b50ea91895597fc91e,v0.8.19+commit.7dd6d404,152691
318,0xa88800cd213da5ae406ce248380802bd53b47647,v0.8.17+commit.8df45f5f,151828
319,0x30d20208d987713f46dfd34ef128bb16c404d10f,v0.8.9+commit.e5eed63a,151589
320,0xec2432a227440139ddf1044c3fea7ae03203933e,v0.8.17+commit.8df45f5f,151126
321,0x0c9a3dd6b8f28529d72d7f9ce918d493519ee383,v0.8.24+commit.e11b9ed9,150785
322,0xe1be424f442d0687129128c6c38aace44f8c8dbc,v0.8.30+commit.73712a01,150559
323,0xa80f2c8f61c56546001f5fc2eb8d6e4e72c45d4c,v0.8.3+commit.8d00100c,149609
324,0xa9e8acf069c58aec8825542845fd754e41a9489a,v0.8.18+commit.87f61d96,149110
325,0x5026f006b85729a8b14553fae6af249ad16c9aab,v0.8.18+commit.87f61d96,148643
326,0xba8da9dcf11b50b03fd5284f164ef5cdef910705,v0.8.10+commit.fc410830,147804
327,0x1fa57f879417e029ef57d7ce915b0aa56a507c31,v0.8.17+commit.8df45f5f,147710
328,0x82e0b8cdd80af5930c4452c684e71c861148ec8a,v0.8.1+commit.df193b15,147568
329,0x7ca50eb6f717843a134aacca58ebf09fa34707ca,v0.8.25+commit.b61c2a91,147157
330,0x1e4ede388cbc9f4b5c79681b7f94d36a11abebc9,v0.8.11+commit.d7f03943,145228
331,0x423f4e6138e475d85cf7ea071ac92097ed631eea,v0.8.17+commit.8df45f5f,144878
332,0x9fa5c5733b53814692de4fb31fd592070de5f5f0,v0.8.4+commit.c7e474f2,144755
333,0xb9f599ce614feb2e1bbe58f180f370d05b39344e,v0.8.19+commit.7dd6d404,144540
334,0xc4441c2be5d8fa8126822b9929ca0b81ea0de38e,v0.8.20+commit.a1b79de6,144513
335,0x23445c63feef8d85956dc0f19ade87606d0e19a9,v0.8.12+commit.f00d7308,144455
336,0x643c4e15d7d62ad0abec4a9bd4b001aa3ef52d66,v0.8.18+commit.87f61d96,144425
337,0xba5bde662c17e2adff1075610382b9b691296350,v0.8.2+commit.661d1103,144362
338,0xc20059e0317de91738d13af027dfc4a50781b066,v0.8.16+commit.07a7930e,143942
339,0x1f75881dc0707b5236f739b5b64a87c211294abb,v0.8.20+commit.a1b79de6,143919
340,0xa68dd8cb83097765263adad881af6eed479c4a33,v0.8.11+commit.d7f03943,143917
341,0xfd43d1da000558473822302e1d44d81da2e4cc0d,v0.8.13+commit.abaa5c0e,143819
342,0x8881562783028f5c1bcb985d2283d5e170d88888,v0.8.20+commit.a1b79de6,142131
343,0x762340b8a40cdd5bfc3edd94265899fda345d0e3,v0.8.9+commit.e5eed63a,141931
344,0x1121acc14c63f3c872bfca497d10926a6098aac5,v0.8.17+commit.8df45f5f,141854
345,0x14778860e937f509e651192a90589de711fb88a9,v0.8.14+commit.80d49f37,141172
346,0x7492e30d60d96c58ed0f0dc2fe536098c620c4c0,v0.8.17+commit.8df45f5f,140912
347,0xd4416b13d2b3a9abae7acd5d6c2bbdbe25686401,v0.8.17+commit.8df45f5f,140229
348,0xd523794c879d9ec028960a231f866758e405be34,v0.8.9+commit.e5eed63a,140127
349,0xddcf9101a653053caabb692de87e1f13396be092,v0.8.12+commit.f00d7308,140126
350,0xccc88a9d1b4ed6b0eaba998850414b24f1c315be,v0.8.28+commit.7893614a,139844
351,0x000006c2a22ff4a44ff1f5d0f2ed65f781f55555,v0.8.26+commit.8a97fa7a,139261
352,0x326490a8f5dcaeaa4a2ad9ea902990c5b0834d9b,v0.8.17+commit.8df45f5f,139260
353,0x8390a1da07e376ef7add4be859ba74fb83aa02d5,v0.8.20+commit.a1b79de6,137934
354,0x271682deb8c4e0901d1a1550ad2e64d568e69909,v0.8.6+commit.11564f7e,137732
355,0x594daad7d77592a2b97b725a7ad59d7e188b5bfa,v0.8.24+commit.e11b9ed9,137476
356,0x640cb7201810bc920835a598248c4fe4898bb5e0,v0.8.28+commit.7893614a,137406
357,0x00000000007767d79f9f4aa1ff0d71b8e2e4a231,v0.8.20+commit.a1b79de6,136830
358,0xcb1592591996765ec0efc1f92599a19767ee5ffa,v0.8.23+commit.f704f362,136504
359,0x28472a58a490c5e09a238847f66a68a47cc76f0f,v0.8.9+commit.e5eed63a,136036
360,0x1ef032a3c471a99cc31578c8007f256d95e89896,v0.8.17+commit.8df45f5f,135871
361,0x45118b56d5066a6352d78d15f795cfab33c4def3,v0.8.9+commit.e5eed63a,134325
362,0x9378368ba6b85c1fba5b131b530f5f5bedf21a18,v0.8.9+commit.e5eed63a,134177
363,0x38d43a6cb8da0e855a42fb6b0733a0498531d774,v0.8.23+commit.f704f362,134119
364,0x337685fdab40d39bd02028545a4ffa7d287cc3e2,v0.8.4+commit.c7e474f2,133400
365,0x1258d60b224c0c5cd888d37bbf31aa5fcfb7e870,v0.8.19+commit.7dd6d404,132952
366,0xb965602e41af7a92b3f4b48729736aded9c94e47,v0.8.23+commit.f704f362,132910
367,0x3e5a19c91266ad8ce2477b91585d1856b84062df,v0.8.13+commit.abaa5c0e,132334
368,0xa105c3abedbaf4295ac6149bf24d5311f629934c,v0.8.23+commit.f704f362,131958
369,0x90d2af7d622ca3141efa4d8f1f24d86e5974cc8f,v0.8.28+commit.7893614a,131773
370,0x455bf23ea7575a537b6374953fa71b5f3653272c,v0.8.26+commit.8a97fa7a,131763
371,0xbf68cc2020c6af7ced2186e606b2e4d91cbed04f,v0.8.20+commit.a1b79de6,131589
372,0xdaf1695c41327b61b9b9965ac6a5843a3198cf07,v0.8.21+commit.d9974bed,130860
373,0xd0c155595929fd6be034c3848c00daebc6d330f6,v0.8.24+commit.e11b9ed9,130620
374,0xbca3039a18c0d2f2f84ba8a028c67290bc045afa,v0.8.9+commit.e5eed63a,130470
375,0x0a32372381ea32a441d46553f879e4de7027b011,v0.8.9+commit.e5eed63a,130351
376,0xc3d688b66703497daa19211eedff47f25384cdc3,v0.8.15+commit.e14f2714,129914
377,0x76f4eed9fe41262669d0250b2a97db79712ad855,v0.8.8+commit.dddeac2f,129866
378,0x445f16314284b43dfa1fd3cd77b9dea4a1bebd97,v0.8.24+commit.e11b9ed9,129691
379,0xd9d74a29307cc6fc8bf424ee4217f1a587fbc8dc,v0.8.4+commit.c7e474f2,129642
380,0x5d8ba173dc6c3c90c8f7c04c9288bef5fdbad06e,v0.8.24+commit.e11b9ed9,129511
381,0x4b9278b94a1112cad404048903b8d343a810b07e,v0.8.15+commit.e14f2714,129131
382,0x952c3385db1146c78ee092b88ee20a9e2b316aa4,v0.8.20+commit.a1b79de6,128884
383,0x2dff88a56767223a5529ea5960da7a3f5f766406,v0.8.9+commit.e5eed63a,128585
384,0x26e550ac11b26f78a04489d5f20f24e3559f7dd9,v0.8.23+commit.f704f362,128234
385,0xd29da236dd4aac627346e1bba06a619e8c22d7c5,v0.8.23+commit.f704f362,127483
386,0x28be6260dbb7872de5effc9a4a73c85b7405a8c0,v0.8.28+commit.7893614a,126885
387,0xa35dce3e0e6ceb67a30b8d7f4aee721c949b5970,v0.8.7+commit.e28d00a7,126810
388,0xad86b91a1d1db15a4cd34d0634bbd4ecacb5b61a,v0.8.26+commit.8a97fa7a,126757
389,0xc2c862322e9c97d6244a3506655da95f05246fd8,v0.8.17+commit.8df45f5f,126336
390,0x720cd16b011b987da3518fbf38c3071d4f0d1495,v0.8.4+commit.c7e474f2,126325
391,0x644192291cc835a93d6330b24ea5f5fedd0eef9e,v0.8.10+commit.fc410830,126203
392,0x38e68a37e401f7271568cecaac63c6b1e19130b4,v0.8.21+commit.d9974bed,125887
393,0x1495bc9e44af1f8bcb62278d2bec4540cf0c05ea,v0.8.9+commit.e5eed63a,125816
394,0xf2d15c0a89428c9251d71a0e29b39ff1e86bce25,v0.8.17+commit.8df45f5f,125323
395,0x31f648572b67e60ec6eb8e197e1848cc5f5558de,v0.8.15+commit.e14f2714,125248
396,0x9c7beba8f6ef6643abd725e45a4e8387ef260649,v0.8.24+commit.e11b9ed9,124986
397,0x7d8146cf21e8d7cbe46054e01588207b51198729,v0.8.9+commit.e5eed63a,124872
398,0x95fc37a27a2f68e3a647cdc081f0a89bb47c3012,v0.8.9+commit.e5eed63a,124765
399,0x929832b1f1515cf02c9548a0ff454f1b0e216b18,v0.8.13+commit.abaa5c0e,124471
400,0x72a06bf2a1ce5e39cba06c0cab824960b587d64c,v0.8.4+commit.c7e474f2,124297
401,0xe7d3982e214f9dfd53d23a7f72851a7044072250,v0.8.17+commit.8df45f5f,124016
402,0x28ca9caae31602d0312ebf6466c9dd57fca5da93,v0.8.12+commit.f00d7308,123908
403,0xa58e81fe9b61b5c3fe2afd33cf304c454abfc7cb,v0.8.17+commit.8df45f5f,123846
404,0x7a56e1c57c7475ccf742a1832b028f0456652f97,v0.8.20+commit.a1b79de6,123412
405,0xfb5c6815ca3ac72ce9f5006869ae67f18bf77006,v0.8.4+commit.c7e474f2,122518
406,0xd45884b592e316eb816199615a95c182f75dea07,v0.8.21+commit.d9974bed,122403
407,0x58d97b57bb95320f9a05dc918aef65434969c2b2,v0.8.27+commit.40a35a09,122234
408,0x2b2e8cda09bba9660dca5cb6233787738ad68329,v0.8.13+commit.abaa5c0e,122086
409,0x628a3b2e302c7e896acc432d2d0dd22b6cb9bc88,v0.8.7+commit.e28d00a7,121888
410,0x5550d13389bb70f45fcef58f19f6b6e87f6e747d,v0.8.10+commit.fc410830,121781
411,0x73f7b1184b5cd361cc0f7654998953e2a251dd58,v0.8.24+commit.e11b9ed9,121699
412,0x4e32004d8b81847a670b4a1778ace4dcf2bba01e,v0.8.14+commit.80d49f37,121663
413,0x51fe2e572e97bfeb1d719809d743ec2675924edc,v0.8.9+commit.e5eed63a,121377
414,0x1921e0ff550c09066edd4df05d304151c45e77de,v0.8.29+commit.ab55807c,120676
415,0xb90b2a35c65dbc466b04240097ca756ad2005295,v0.8.18+commit.87f61d96,120660
416,0x7ddc52c4de30e94be3a6a0a2b259b2850f421989,v0.8.1+commit.df193b15,120505
417,0x8355dbe8b0e275abad27eb843f3eaf3fc855e525,v0.8.7+commit.e28d00a7,120024
418,0x12b6893ce26ea6341919fe289212ef77e51688c8,v0.8.9+commit.e5eed63a,119676
419,0x3f80b1c54ae920be41a77f8b902259d48cf24ccf,v0.8.21+commit.d9974bed,119219
420,0xd4419c2d3daa986dc30444fa333a846be44fd1eb,v0.8.12+commit.f00d7308,118829
421,0x00000000000e1a99dddd5610111884278bdbda1d,v0.8.25+commit.b61c2a91,118730
422,0xf9d64d54d32ee2bdceaabfa60c4c438e224427d0,v0.8.20+commit.a1b79de6,118423
423,0xffffffffb9059a7285849bafddf324e2c308c164,v0.8.20+commit.a1b79de6,118327
424,0x6e79b51959cf968d87826592f46f819f92466615,v0.8.23+commit.f704f362,117734
425,0x7ad4c1647aa947d1c05425a8d4d155ef811a5f9e,v0.8.4+commit.c7e474f2,117389
426,0x2aca0c7ed4d5eb4a2116a3bc060a2f264a343357,v0.8.26+commit.8a97fa7a,116797
427,0x5a3e6a77ba2f983ec0d371ea3b475f8bc0811ad5,v0.8.17+commit.8df45f5f,116304
428,0x259338656198ec7a76c729514d3cb45dfbf768a1,v0.8.20+commit.a1b79de6,115877
429,0xc43c6bfeda065fe2c4c11765bf838789bd0bb5de,v0.8.17+commit.8df45f5f,115768
430,0xf5c80c305803280b587f8cabbccdc4d9bf522abd,v0.8.17+commit.8df45f5f,115511
431,0xb5f7b021a78f470d31d762c1dda05ea549904fbd,v0.8.26+commit.8a97fa7a,114607
432,0xcafd2f0a35a4459fa40c0517e17e6fa2939441ca,v0.8.17+commit.8df45f5f,114230
433,0x7122985656e38bdc0302db86685bb972b145bd3c,v0.8.21+commit.d9974bed,114136
434,0x5523d3c98809dddb82c686e152f5c58b1b0fb59e,v0.8.20+commit.a1b79de6,114112
435,0x4f9343fa110e8c5c1276b810fbbbb70a19678015,v0.8.4+commit.c7e474f2,113978
436,0xffee087852cb4898e6c3532e776e68bc68b1143b,v0.8.7+commit.e28d00a7,113561
437,0x4337084d9e255ff0702461cf8895ce9e3b5ff108,v0.8.28+commit.7893614a,112680
438,0x6bef15d938d4e72056ac92ea4bdd0d76b1c4ad29,v0.8.28+commit.7893614a,112563
439,0x047669ebb4ec165d2bd5e78706e9aede04bf095a,v0.8.25+commit.b61c2a91,112432
440,0xbe5dab4a2e9cd0f27300db4ab94bee3a233aeb19,v0.8.9+commit.e5eed63a,111542
441,0xc98d64da73a6616c42117b582e832812e7b8d57f,v0.8.0+commit.c7dfd78e,111524
442,0xb26ff591f44b04e78de18f43b46f8b70c6676984,v0.8.25+commit.b61c2a91,110812
443,0x7da2641000cbb407c329310c461b2cb9c70c3046,v0.8.16+commit.07a7930e,110596
444,0x44709a920fccf795fbc57baa433cc3dd53c44dbe,v0.8.4+commit.c7e474f2,110362
445,0xd1ca1f4dbb645710f5d5a9917aa984a47524f49a,v0.8.17+commit.8df45f5f,110091
446,0xa62f9c5af106feee069f38de51098d9d81b90572,v0.8.21+commit.d9974bed,110017
447,0xd0e132c73c9425072aab9256d63aa14d798d063a,v0.8.31+commit.fd3a2265,109903
448,0xab02bf85a7a851b6a379ea3d5bd3b9b4f5dd8461,v0.8.30+commit.73712a01,109735
449,0x8164b40840418c77a68f6f9eedb5202b36d8b288,v0.8.19+commit.7dd6d404,109315
450,0xa9502665b39b0e61f2cbbffad139688615fb16f6,v0.8.26+commit.8a97fa7a,109173
451,0x3a3548e060be10c2614d0a4cb0c03cc9093fd799,v0.8.2+commit.661d1103,109066
452,0x0f7b3f5a8fed821c5eb60049538a548db2d479ce,v0.8.10+commit.fc410830,108243
453,0x00000011f84b9aa48e5f8aa8b9897600006289be,v0.8.24+commit.e11b9ed9,108241
454,0xb22c05cedbf879a661fcc566b5a759d005cf7b4c,v0.8.17+commit.8df45f5f,108105
455,0x65b382653f7c31bc0af67f188122035461ec9c76,v0.8.17+commit.8df45f5f,108016
456,0xca6d7604ae55ba1ba864c26692a91979f25cdb96,v0.8.17+commit.8df45f5f,107966
457,0x9da2c7d27df3d81d5d0270dc388ac5682cd1f441,v0.8.11+commit.d7f03943,107556
458,0x65a8b32bc4de5e0156dba85ce615d9ef8ea59780,v0.8.20+commit.a1b79de6,107495
459,0x8657f37439a241ad439ee98ca89a7755ca8c90b4,v0.8.20+commit.a1b79de6,106691
460,0xdc0327d50e6c73db2f8117760592c8bbf1cdcf38,v0.8.4+commit.c7e474f2,106393
461,0x9d65ff81a3c488d585bbfb0bfe3c7707c7917f54,v0.8.4+commit.c7e474f2,106272
462,0x502ed02100ea8b10f8d7fc14e0f86633ec2ddada,v0.8.26+commit.8a97fa7a,105810
463,0xf4e147db314947fc1275a8cbb6cde48c510cd8cf,v0.8.28+commit.7893614a,105772
464,0x0e42acbd23faee03249daff896b78d7e79fbd58e,v0.8.4+commit.c7e474f2,105652
465,0x5d5092c22c5d0fd3fec42b6b2ce796d5b33421c6,v0.8.17+commit.8df45f5f,105615
466,0x6307119078556fc8ad77781dfc67df20d75fb4f9,v0.8.17+commit.8df45f5f,105395
467,0x5ee84583f67d5ecea5420dbb42b462896e7f8d06,v0.8.16+commit.07a7930e,105243
468,0x524cab2ec69124574082676e6f654a18df49a048,v0.8.9+commit.e5eed63a,105124
469,0x4775f480265b77e34067a1ea7fc4f6a1f8bd97eb,v0.8.9+commit.e5eed63a,104662
470,0x4dcda2274899d9bba3bb6f5a852c107dd6e4fe1c,v0.8.20+commit.a1b79de6,104646
471,0x8a90cab2b38dba80c64b7734e58ee1db38b8992e,v0.8.6+commit.11564f7e,104477
472,0x77e06c9eccf2e797fd462a92b6d7642ef85b0a44,v0.8.17+commit.8df45f5f,104265
473,0xa436c9048d4927ff69943278aae0e426f9f68755,v0.8.9+commit.e5eed63a,104183
474,0x0b9857ae2d4a3dbe74ffe1d7df045bb7f96e4840,v0.8.9+commit.e5eed63a,104076
475,0x67466be17df832165f8c80a5a120ccc652bd7e69,v0.8.25+commit.b61c2a91,103885
476,0x23581767a106ae21c074b2276d25e5c3e136a68b,v0.8.11+commit.d7f03943,103641
477,0x49cf6f5d44e70224e2e23fdcdd2c053f30ada28b,v0.8.7+commit.e28d00a7,103392
478,0xce3f08e664693ca792cace4af1364d5e220827b2,v0.8.14+commit.80d49f37,103306
479,0x28561b8a2360f463011c16b6cc0b0cbef8dbbcad,v0.8.23+commit.f704f362,103300
480,0xa1290d69c65a6fe4df752f95823fae25cb99e5a7,v0.8.21+commit.d9974bed,102766
481,0xce5d4aa69bc7fa8ad94a6f9133ec435e8aa00359,v0.8.10+commit.fc410830,102714
482,0xd3e4ba569045546d09cf021ecc5dfe42b1d7f6e4,v0.8.0+commit.c7dfd78e,102380
483,0x70bf6634ee8cb27d04478f184b9b8bb13e5f4710,v0.8.25+commit.b61c2a91,102228
484,0xf8a16864d8de145a266a534174305f881ee2315e,v0.8.18+commit.87f61d96,102063
485,0x603bb2c05d474794ea97805e8de69bccfb3bca12,v0.8.30+commit.73712a01,101913
486,0xaca92e438df0b2401ff60da7e4337b687a2435da,v0.8.26+commit.8a97fa7a,101828
487,0x3e9c3dc19efe4271d1a65facfca55906045f7b08,v0.8.20+commit.a1b79de6,101730
488,0x3ad80458d58fb3a779ba0779f83203a4cf4a49d8,v0.8.9+commit.e5eed63a,101317
489,0x52ec2f3d7c5977a8e558c8d9c6000b615098e8fc,v0.8.9+commit.e5eed63a,101032
490,0x5afe3855358e112b5647b952709e6165e1c1eeee,v0.8.11+commit.d7f03943,100953
491,0x6593c7de001fc8542bb1703532ee1e5aa0d458fd,v0.8.16+commit.07a7930e,100834
492,0x66a1e37c9b0eaddca17d3662d6c05f4decf3e110,v0.8.20+commit.a1b79de6,100299
493,0x949d48eca67b17269629c7194f4b727d4ef9e5d6,v0.8.6+commit.11564f7e,100063
494,0x759894ced0e6af42c26668076ffa84d02e3cef60,v0.8.24+commit.e11b9ed9,100005
495,0x0a267cf51ef038fc00e71801f5a524aec06e4f07,v0.8.4+commit.c7e474f2,99929
496,0xef0b56692f78a44cf4034b07f80204757c31bcc9,v0.8.9+commit.e5eed63a,99754
497,0x95af4af910c28e8ece4512bfe46f1f33687424ce,v0.8.19+commit.7dd6d404,99617
498,0x53f451165ba6fdbe39a134673d13948261b2334a,v0.8.2+commit.661d1103,99526
499,0xf0f9d895aca5c8678f706fb8216fa22957685a13,v0.8.2+commit.661d1103,99525
500,0x61dbbbb552dc893ab3aad09f289f811e67cef285,v0.8.22+commit.4fc1097e,99240
501,0x6759acd57cb5ea451a3edf397734edddfc123049,v0.8.25+commit.b61c2a91,99211
502,0xed5af388653567af2f388e6224dc7c4b3241c544,v0.8.4+commit.c7e474f2,99198
503,0x84162fe2e695fedbf4d3bca1c3458fb616e44735,v0.8.12+commit.f00d7308,98448
504,0xaaaaaaae92cc1ceef79a038017889fdd26d23d4d,v0.8.25+commit.b61c2a91,98291
505,0x306b1ea3ecdf94ab739f1910bbda052ed4a9f949,v0.8.4+commit.c7e474f2,98232
506,0x37996e762fa8b671869740c79eb33f625b3bf92a,v0.8.20+commit.a1b79de6,98115
507,0x2a37d63eadfe4b4682a3c28c1c2cd4f109cc2762,v0.8.26+commit.8a97fa7a,97675
508,0x4d5f47fa6a74757f35c14fd3a6ef8e3c9bc514e8,v0.8.10+commit.fc410830,97273
509,0x508e00d5cef397b02d260d035e5ee80775e4c821,v0.8.7+commit.e28d00a7,97126
510,0x0736bdc975af0675b9a045384efed91360d25479,v0.8.28+commit.7893614a,97072
511,0xf091867ec603a6628ed83d274e835539d82e9cc8,v0.8.7+commit.e28d00a7,96643
512,0xbd25f1cc84d30ce373ce3411f6270be597f91401,v0.8.9+commit.e5eed63a,96577
513,0xf96798f49936efb1a56f99ceae924b6b8359affb,v0.8.23+commit.f704f362,96509
514,0xd4b812dd7134f632c947ca11a2fb0f49082a2483,v0.8.20+commit.a1b79de6,96498
515,0x1ce270557c1f68cfb577b856766310bf8b47fd9c,v0.8.17+commit.8df45f5f,96387
516,0x1a44076050125825900e736c501f859c50fe728c,v0.8.22+commit.4fc1097e,96201
517,0x51cb253744189f11241becb29bedd3f1b5384fdb,v0.8.6+commit.11564f7e,95940
518,0x203e8785b4d4312c4152d0c42ba3fa8bd79086da,v0.8.18+commit.87f61d96,95671
519,0xccb365d2e11ae4d6d74715c680f56cf58bf4bf10,v0.8.9+commit.e5eed63a,95316
520,0x66e76b0f2c69cfd9282f1d80f6f00686d611452b,v0.8.2+commit.661d1103,94597
521,0x059956483753947536204e89bfad909e1a434cc6,v0.8.0+commit.c7dfd78e,94406
522,0x9164b7d3ab0b5e26cff7416f911d461c505f20f6,v0.8.20+commit.a1b79de6,94313
523,0xca21d4228cdcc68d4e23807e5e370c07577dd152,v0.8.9+commit.e5eed63a,94284
524,0x56072c95faa701256059aa122697b133aded9279,v0.8.21+commit.d9974bed,94237
525,0xcedbea37c8872c4171259cdfd5255cb8923cf8e7,v0.8.30+commit.73712a01,94019
526,0x75cd3f538c091c1d514ab1ad9832f54198cacec0,v0.8.21+commit.d9974bed,93972
527,0xa227cc36938f0c9e09ce0e64dfab226cad739447,v0.8.27+commit.40a35a09,93901
528,0xff37b4ee7981af82669b2fd0e998f0b5649dcedd,v0.8.28+commit.7893614a,93380
529,0x4aa799c5dfc01ee7d790e3bf1a7c2257ce1dceff,v0.8.23+commit.f704f362,93346
530,0x20f780a973856b93f63670377900c1d2a50a77c4,v0.8.13+commit.abaa5c0e,93284
531,0xa62cc35625b0c8dc1faea39d33625bb4c15bd71c,v0.8.2+commit.661d1103,93066
532,0x4385328cc4d643ca98dfea734360c0f596c83449,v0.8.9+commit.e5eed63a,92728
533,0x4d6283b4198c0039f2addc6a8784bbdef6e259eb,v0.8.4+commit.c7e474f2,92624
534,0x9ccc2f3ecde026230e11a5c8799ac7524f2bb294,v0.8.25+commit.b61c2a91,92601
535,0xdc035d45d973e3ec169d2276ddab16f1e407384f,v0.8.21+commit.d9974bed,92378
536,0xdcd48419bd5cd9d1b097695f2af4ee125aadf84f,v0.8.24+commit.e11b9ed9,92327
537,0x15c905dec8da0a90fa05f8121e8f8285d30ef1f4,v0.8.23+commit.f704f362,92206
538,0xe3985e6b61b814f7cdb188766562ba71b446b46d,v0.8.13+commit.abaa5c0e,92096
539,0x54e44dbb92dba848ace27f44c0cb4268981ef1cc,v0.8.25+commit.b61c2a91,91722
540,0xd13cfd3133239a3c73a9e535a5c4dadee36b395c,v0.8.9+commit.e5eed63a,91177
541,0x8e8bd01b5a9eb272cc3892a2e40e64a716aa2a40,v0.8.0+commit.c7dfd78e,91115
542,0x39ee2c7b3cb80254225884ca001f57118c8f21b6,v0.8.2+commit.661d1103,91056
543,0x61e90a50137e1f645c9ef4a0d3a4f01477738406,v0.8.10+commit.fc410830,91044
544,0x342f0d375ba986a65204750a4aece3b39f739d75,v0.8.23+commit.f704f362,90910
545,0xf819d9cb1c2a819fd991781a822de3ca8607c3c9,v0.8.20+commit.a1b79de6,90788
546,0xf639b4ebb77df1ed4b5014c244f60e72b8adb29b,v0.8.15+commit.e14f2714,90629
547,0x4265f5d6c0cf127d733eefa16d66d0df4b650d53,v0.8.20+commit.a1b79de6,90558
548,0xab19d5d8590a7f337b7c2ece83e0733f55fe2dbf,v0.8.9+commit.e5eed63a,90543
549,0x89d584a1edb3a70b3b07963f9a3ea5399e38b136,v0.8.18+commit.87f61d96,90071
550,0x3ab16af1315dc6c95f83cbf522fecf98d00fd9ba,v0.8.7+commit.e28d00a7,90008
551,0xdef1ca1fb7fbcdc777520aa7f396b4e015f497ab,v0.8.10+commit.fc410830,89725
552,0x4507cef57c46789ef8d1a19ea45f4216bae2b528,v0.8.11+commit.d7f03943,89535
553,0x9bf1d7d63dd7a4ce167cf4866388226eeefa702e,v0.8.19+commit.7dd6d404,89468
554,0xe0b7ad7f8f26e2b00c8b47b5df370f15f90fcf48,v0.8.9+commit.e5eed63a,89316
555,0xe957ea0b072910f508dd2009f4acb7238c308e29,v0.8.24+commit.e11b9ed9,89286
556,0x15700b564ca08d9439c58ca5053166e8317aa138,v0.8.25+commit.b61c2a91,89198
557,0xa21342f796996954284b8dc6aae7ecbf8f83a9e4,v0.8.2+commit.661d1103,88996
558,0xcf068d287b206f20e64e9259f44c4f7130be7297,v0.8.23+commit.f704f362,88718
559,0x96c67b143000a60d9162f25c29fa0cf5b8d0e5af,v0.8.30+commit.73712a01,88709
560,0x2a5c2568b10a0e826bfa892cf21ba7218310180b,v0.8.2+commit.661d1103,88620
561,0x6b0b3a982b4634ac68dd83a4dbf02311ce324181,v0.8.7+commit.e28d00a7,88489
562,0xfa2b947eec368f42195f24f36d2af29f7c24cec2,v0.8.28+commit.7893614a,88312
563,0xf8ebf4849f1fa4faf0dff2106a173d3a6cb2eb3a,v0.8.16+commit.07a7930e,88197
564,0xc9c747cce579959e53ba4cb5615d8783d4753450,v0.8.10+commit.fc410830,88190
565,0xafa904152e04abff56701223118be2832a4449e0,v0.8.25+commit.b61c2a91,87945
566,0xf2e391f11cd1609679d03a1ac965b1d0432a7007,v0.8.2+commit.661d1103,87883
567,0x93fff4028927f53f708534397ed349b9cd4e2f9f,v0.8.22+commit.4fc1097e,87805
568,0x1eb73fee2090fb1c20105d5ba887e3c3ba14a17e,v0.8.17+commit.8df45f5f,87654
569,0x5584197ce066aabc11919ace52b6df5948b1e930,v0.8.30+commit.73712a01,87532
570,0xf203ca1769ca8e9e8fe1da9d147db68b6c919817,v0.8.0+commit.c7dfd78e,87521
571,0x65c2e54a4c75ff6da7b6b32369c1677250075fb2,v0.8.2+commit.661d1103,87211
572,0x71ab77b7dbb4fa7e017bc15090b2163221420282,v0.8.3+commit.8d00100c,86893
573,0x4ebb2384cc1e86f578e37f2057b336b9027cb95a,v0.8.17+commit.8df45f5f,86629
574,0xa310425046661c523d98344f7e9d66b32195365d,v0.8.11+commit.d7f03943,86076
575,0x93a2db22b7c736b341c32ff666307f4a9ed910f5,v0.8.22+commit.4fc1097e,85670
576,0x292fcdd1b104de5a00250febba9bc6a5092a0076,v0.8.15+commit.e14f2714,85626
577,0x8de5b80a0c1b02fe4976851d030b36122dbb8624,v0.8.13+commit.abaa5c0e,85574
578,0x9f9d2fc7abe74c79f86f0d1212107692430eef72,v0.8.27+commit.40a35a09,85450
579,0x63ca00232f471be2a3bf3c4e95bc1d2b3ea5db92,v0.8.15+commit.e14f2714,85166
580,0xea1a6307d9b18f8d1cbf1c3dd6aad8416c06a221,v0.8.21+commit.d9974bed,85013
581,0x769272677fab02575e84945f03eca517acc544cc,v0.8.2+commit.661d1103,84991
582,0x765277eebeca2e31912c9946eae1021199b39c61,v0.8.1+commit.df193b15,84926
583,0x6b0faca7ba905a86f221ceb5ca404f605e5b3131,v0.8.19+commit.7dd6d404,84797
584,0xf955c57f9ea9dc8781965feae0b6a2ace2bad6f3,v0.8.2+commit.661d1103,84772
585,0x2bd938cf96430b7b0879f76b010b589aeec2127c,v0.8.17+commit.8df45f5f,84560
586,0x0654874eb7f59c6f5b39931fc45dc45337c967c3,v0.8.4+commit.c7e474f2,84435
587,0xa48dcedb466583045197b8ac80b3d9cc8fc2c9c7,v0.8.30+commit.73712a01,84310
588,0x44971abf0251958492fee97da3e5c5ada88b9185,v0.8.18+commit.87f61d96,84306
589,0x9cdf242ef7975d8c68d5c1f5b6905801699b1940,v0.8.9+commit.e5eed63a,84271
590,0xa81011ae274ef6debd3bdab634102c7b6c2c452d,v0.8.10+commit.fc410830,84111
591,0x0fc2a55d5bd13033f1ee0cdd11f60f7efe66f467,v0.8.25+commit.b61c2a91,84030
592,0xac2ea402314c50987478abafb2922dfbe3560c22,v0.8.20+commit.a1b79de6,83845
593,0xd9fcd98c322942075a5c3860693e9f4f03aae07b,v0.8.4+commit.c7e474f2,83820
594,0x60943cb06b76a24431659165c81a03c16f1c325c,v0.8.9+commit.e5eed63a,83758
595,0x32b86b99441480a7e5bd3a26c124ec2373e3f015,v0.8.13+commit.abaa5c0e,83710
596,0xeebc1b0e0f19bd03502ada32cb7a9e217568dceb,v0.8.10+commit.fc410830,83484
597,0x8cc51c532f5a71210d19d87d3d8a1e6f50ad583c,v0.8.9+commit.e5eed63a,83149
598,0xcc06579a4cd31b79d5277ed637edbfeb7bb2686a,v0.8.10+commit.fc410830,82878
599,0x085f81803db511dc19d0ce93f74e6a8937b58b81,v0.8.14+commit.80d49f37,82752
600,0x3b0531eb02ab4ad72e7a531180beef9493a00dd2,v0.8.22+commit.4fc1097e,82479
601,0x80226fc0ee2b096224eeac085bb9a8cba1146f7d,v0.8.19+commit.7dd6d404,82299
602,0xa68a99c6a80e2acf65d38f64ffac744ae51c8d96,v0.8.24+commit.e11b9ed9,82242
603,0x72ade8fd2de8c6a7de741537e5860380eddc002b,v0.8.9+commit.e5eed63a,82147
604,0x33fd426905f149f8376e227d0c9d3340aad17af1,v0.8.7+commit.e28d00a7,82136
605,0xfb66321d7c674995dfcc2cb67a30bc978dc862ad,v0.8.20+commit.a1b79de6,81928
606,0x41545f8b9472d758bb669ed8eaeeecd7a9c4ec29,v0.8.2+commit.661d1103,81568
607,0x15874d65e649880c2614e7a480cb7c9a55787ff6,v0.8.2+commit.661d1103,81521
608,0x43de2d77bf8027e25dbd179b491e8d64f38398aa,v0.8.2+commit.661d1103,81314
609,0x380275805876ff19055ea900cdb2b46a94ecf20d,v0.8.22+commit.4fc1097e,81314
610,0x4e5846858c8da2149b7185f0569121632270aae8,v0.8.9+commit.e5eed63a,81294
611,0xfdffb411c4a70aa7c95d5c981a6fb4da867e1111,v0.8.24+commit.e11b9ed9,81174
612,0xc5fb36dd2fb59d3b98deff88425a3f425ee469ed,v0.8.9+commit.e5eed63a,81140
613,0x7f5620c13b1644b4244114b465fa71bd95f1d8dc,v0.8.26+commit.8a97fa7a,81028
614,0x74ee68a33f6c9f113e22b3b77418b75f85d07d22,v0.8.6+commit.11564f7e,80687
615,0x6e15a54b5ecac17e58dadeddbe8506a7560252f9,v0.8.19+commit.7dd6d404,80670
616,0x07ced903e6ad0278cc32bc83a3fc97112f763722,v0.8.9+commit.e5eed63a,80668
617,0xa3d4bee77b05d4a0c943877558ce21a763c4fa29,v0.8.17+commit.8df45f5f,80590
618,0x2e5110cf18678ec99818bfaa849b8c881744b776,v0.8.28+commit.7893614a,80419
619,0x86c10d10eca1fca9daf87a279abccabe0063f247,v0.8.4+commit.c7e474f2,80388
620,0x553f4cb7256d8fc038e91d36cb63fa7c13b624ab,v0.8.25+commit.b61c2a91,80285
621,0xaaaaaa20d9e0e2461697782ef11675f668207961,v0.8.7+commit.e28d00a7,80203
622,0xbce44616d96ba1659fac008ed3d9f171f67d254e,v0.8.9+commit.e5eed63a,79992
623,0xb66a603f4cfe17e3d27b87a8bfcad319856518b8,v0.8.2+commit.661d1103,79729
624,0x09a7468e7ab6416dc2837d6f87b5714ee5a51c52,v0.8.28+commit.7893614a,79627
625,0x87be3fc3edfe10cb8ce1244d6a1969fc55f9f83c,v0.8.19+commit.7dd6d404,79610
626,0x26bbea7803dcac346d5f5f135b57cf2c752a02be,v0.8.17+commit.8df45f5f,79503
627,0x528253715ff4eb9d6923b3ff401fcb1662ac7d66,v0.8.26+commit.8a97fa7a,79312
628,0xcf6efe6cad0f9428f2b5f95cff90122dcd3bb4bc,v0.8.9+commit.e5eed63a,79266
629,0xba30e5f9bb24caa003e9f2f0497ad287fdf95623,v0.8.3+commit.8d00100c,79244
630,0x2aa101bf99caef7fc1355d4c493a1fe187a007ce,v0.8.19+commit.7dd6d404,79097
631,0x9d90669665607f08005cae4a7098143f554c59ef,v0.8.17+commit.8df45f5f,78976
632,0xcf5104d094e3864cfcbda43b82e1cefd26a016eb,v0.8.28+commit.7893614a,78895
633,0x8ab2ff0116a279a99950c66a12298962d152b83c,v0.8.19+commit.7dd6d404,78887
634,0x9e0a538749a486bbf127f8848a6f2cf4e1e92dbd,v0.8.17+commit.8df45f5f,78555
635,0x85da3727b0be6096654691d26939f62526ad7ffe,v0.8.15+commit.e14f2714,78335
636,0xb76fbbb30e31f2c3bdaa2466cfb1cfe39b220d06,v0.8.2+commit.661d1103,78266
637,0x031de51f3e8016514bd0963d0b2ab825a591db9a,v0.8.28+commit.7893614a,77915
638,0xf0bae7189bf0ebbaa76b5a6b372c9db837e455c4,v0.8.9+commit.e5eed63a,77911
639,0x525a8f6f3ba4752868cde25164382bfbae3990e1,v0.8.10+commit.fc410830,77797
640,0x3a40312a1c376aecf855ef784371d1fb1aa2d25d,v0.8.17+commit.8df45f5f,77584
641,0x6571e50e8769d236414f3fb9e9b1d05341f6f79a,v0.8.23+commit.f704f362,77428
642,0xaa732c9c110a84d090a72da230eae1e779f89246,v0.8.17+commit.8df45f5f,77393
643,0x6000da47483062a0d734ba3dc7576ce6a0b645c4,v0.8.19+commit.7dd6d404,77087
644,0xc9bca88b04581699fab5aa276ccaff7df957cbbf,v0.8.20+commit.a1b79de6,77061
645,0x5bf5bcc5362f88721167c1068b58c60cad075aac,v0.8.12+commit.f00d7308,76847
646,0xf65e73aac9182e353600a916a6c7681f810f79c3,v0.8.20+commit.a1b79de6,76821
647,0xcf91b70017eabde82c9671e30e5502d312ea6eb2,v0.8.23+commit.f704f362,76652
648,0xaa247c0d81b83812e1abf8bab078e4540d87e3fb,v0.8.0+commit.c7dfd78e,76557
649,0xc5102fe9359fd9a28f877a67e36b0f050d81a3cc,v0.8.7+commit.e28d00a7,76326
650,0x44108f0223a3c3028f5fe7aec7f9bb2e66bef82f,v0.8.17+commit.8df45f5f,76301
651,0x1929347e025d4f5f8d6b2bd2261e2f4efcacd215,v0.8.20+commit.a1b79de6,75888
652,0x6ca2a628fb690bd431f4aa608655ce37c66aff9d,v0.8.9+commit.e5eed63a,75675
653,0xb9069ef582031fe646739d8c01f92f008652bcc8,v0.8.25+commit.b61c2a91,75447
654,0x94fdc38c4a8e34248f8dd19cb3336e0295227023,v0.8.10+commit.fc410830,75309
655,0x39e5dbb9d2fead31234d7c647d6ce77d85826f76,v0.8.9+commit.e5eed63a,75268
656,0x50002cdfe7ccb0c41f519c6eb0653158d11cd907,v0.8.15+commit.e14f2714,75224
657,0xd979c468a68062e7bdff4ba6df7842dfd3492e0f,v0.8.20+commit.a1b79de6,75082
658,0xf16e81dce15b08f326220742020379b855b87df9,v0.8.3+commit.8d00100c,74971
659,0x6339e5e072086621540d0362c4e3cea0d643e114,v0.8.17+commit.8df45f5f,74913
660,0xb5588c411ba0bb7d38865fdc51d082d004e519f7,v0.8.0+commit.c7dfd78e,74566
661,0x3624525075b88b24ecc29ce226b0cec1ffcb6976,v0.8.10+commit.fc410830,74550
662,0x74a09653a083691711cf8215a6ab074bb4e99ef5,v0.8.10+commit.fc410830,74113
663,0x6fbde8dea37e3472ae363a905535bebec3ae81ea,v0.8.23+commit.f704f362,74071
664,0xa351b769a01b445c04aa1b8e6275e03ec05c1e75,v0.8.2+commit.661d1103,74051
665,0x699f088b5dddcafb7c4824db5b10b57b37cb0c66,v0.8.28+commit.7893614a,74038
666,0xb9352485e9867b4956ec1feb05bf276ad6fbc91a,v0.8.17+commit.8df45f5f,74036
667,0xaa99fc695eb1bbfb359fbad718c7c6dafc03a839,v0.8.9+commit.e5eed63a,73981
668,0x77146784315ba81904d654466968e3a7c196d1f3,v0.8.28+commit.7893614a,73865
669,0xdb82c0d91e057e05600c8f8dc836beb41da6df14,v0.8.20+commit.a1b79de6,73701
670,0xb9ea61fcec36a01663a0eba5429092a162398e3e,v0.8.9+commit.e5eed63a,73617
671,0x168e209d7b2f58f1f24b8ae7b7d35e662bbf11cc,v0.8.19+commit.7dd6d404,73607
672,0xfeac2eae96899709a43e252b6b92971d32f9c0f9,v0.8.26+commit.8a97fa7a,73524
673,0x8248270620aa532e4d64316017be5e873e37cc09,v0.8.20+commit.a1b79de6,73433
674,0xf81377c3f03996fde219c90ed87a54c23dc480b3,v0.8.29+commit.ab55807c,73422
675,0xc026395860db2d07ee33e05fe50ed7bd583189c7,v0.8.22+commit.4fc1097e,73410
676,0x5ebc127fae83ed5bdd91fc6a5f5767e259df5642,v0.8.19+commit.7dd6d404,73390
677,0xb85eeb713b876a25f16604887cc6b8997ef1b9dd,v0.8.17+commit.8df45f5f,73379
678,0xb6728bff344e2109dbb3a0c153cad65ec4bdb736,v0.8.2+commit.661d1103,73333
679,0x6f922284798de645e8bc1040450d32bde963c992,v0.8.7+commit.e28d00a7,73284
680,0xc186fa914353c44b2e33ebe05f21846f1048beda,v0.8.13+commit.abaa5c0e,72872
681,0xc13e21b648a5ee794902342038ff3adab66be987,v0.8.10+commit.fc410830,72793
682,0x0001a500a6b18995b03f44bb040a5ffc28e45cb0,v0.8.15+commit.e14f2714,72648
683,0x303a465b659cbb0ab36ee643ea362c509eeb5213,v0.8.24+commit.e11b9ed9,72631
684,0xaaef88cea01475125522e117bfe45cf32044e238,v0.8.9+commit.e5eed63a,72570
685,0xfab99fcf605fd8f4593edb70a43ba56542777777,v0.8.28+commit.7893614a,72466
686,0x152649ea73beab28c5b49b26eb48f7ead6d4c898,v0.8.12+commit.f00d7308,72440
687,0x7d5706f6ef3f89b3951e23e557cdfbc3239d4e2c,v0.8.13+commit.abaa5c0e,72059
688,0x61dc14b28d4dbcd6cf887e9b72018b9da1ce6ff7,v0.8.24+commit.e11b9ed9,72002
689,0x7ef865963d3a005670b8f8df6aed23e456fa75e0,v0.8.2+commit.661d1103,71828
690,0x5de8ab7e27f6e7a1fff3e5b337584aa43961beef,v0.8.17+commit.8df45f5f,71765
691,0x44e37608f744a7aeb16f7dc9bf052c310e6cd015,v0.8.9+commit.e5eed63a,71572
692,0x0a9f824c05a74f577a536a8a0c673183a872dff4,v0.8.17+commit.8df45f5f,71478
693,0x15e6e0d4ebeac120f9a97e71faa6a0235b85ed12,v0.8.12+commit.f00d7308,71228
694,0xb04af4843e3808e1fe6f7a8ee4f456937d7afae8,v0.8.20+commit.a1b79de6,71193
695,0x6a7eff1e2c355ad6eb91bebb5ded49257f3fed98,v0.8.23+commit.f704f362,71123
696,0x6b8ad17795d89b283e6d0362a87a403f3544bb9d,v0.8.22+commit.4fc1097e,71076
697,0x7448c7456a97769f6cd04f1e83a4a23ccdc46abd,v0.8.19+commit.7dd6d404,71019
698,0xd7f86b4b8cae7d942340ff628f82735b7a20893a,v0.8.19+commit.7dd6d404,70832
699,0xae4533189c7281501f04ba4b7c37e3aded402902,v0.8.9+commit.e5eed63a,70824
700,0x2e44f3f609ff5aa4819b323fd74690f07c3607c4,v0.8.20+commit.a1b79de6,70592
701,0xab167e816e4d76089119900e941befdfa37d6b32,v0.8.9+commit.e5eed63a,70568
702,0x33edca975417c30285bb96af34b03c197bccec1c,v0.8.20+commit.a1b79de6,70546
703,0x6db24ee656843e3fe03eb8762a54d86186ba6b64,v0.8.25+commit.b61c2a91,70424
704,0x8d99372612e8cfe7163b1a453831bc40eaeb3cf3,v0.8.9+commit.e5eed63a,70219
705,0x1796ae0b0fa4862485106a0de9b654efe301d0b2,v0.8.0+commit.c7dfd78e,70151
706,0xa148491dcd060d20e836cb9be518f6c30608e3d5,v0.8.26+commit.8a97fa7a,69888
707,0x7db5af2b9624e1b3b4bb69d6debd9ad1016a58ac,v0.8.9+commit.e5eed63a,69851
708,0x0b4f75087d3452e538b5781efdac6bc02b3ff9b5,v0.8.26+commit.8a97fa7a,69738
709,0x186ef81fd8e77eec8bffc3039e7ec41d5fc0b457,v0.8.22+commit.4fc1097e,69726
710,0x5f8d647ff69be85fe2f005867fbb552c623928c5,v0.8.19+commit.7dd6d404,69550
711,0x0554f068365ed43dcc98dcd7fd7a8208a5638c72,v0.8.7+commit.e28d00a7,69212
712,0x71a41517fe65890fe835d67fce17a9747112696c,v0.8.21+commit.d9974bed,69184
713,0x59e16fccd424cc24e280be16e11bcd56fb0ce547,v0.8.26+commit.8a97fa7a,69179
714,0x7750d328b314effa365a0402ccfd489b80b0adda,v0.8.12+commit.f00d7308,68950
715,0xe544cf993c7d477c7ef8e91d28aca250d135aa03,v0.8.2+commit.661d1103,68930
716,0x384e3ae4d5efc9471201039b555eae496b2a7240,v0.8.15+commit.e14f2714,68646
717,0xe6f3494e839f3d3fb36c407eb35cd85d90dc3704,v0.8.9+commit.e5eed63a,68572
718,0x7e6bc952d4b4bd814853301bee48e99891424de0,v0.8.7+commit.e28d00a7,68234
719,0xc8c3cc5be962b6d281e4a53dbcce1359f76a1b85,v0.8.11+commit.d7f03943,68142
720,0x763a0ca93af05ade98a52dc1e5b936b89bf8b89a,v0.8.2+commit.661d1103,68125
721,0x0511df77e420c9c37b065ddb7973d0f81430a092,v0.8.30+commit.73712a01,68013
722,0x9ff58067bd8d239000010c154c6983a325df138e,v0.8.19+commit.7dd6d404,67999
723,0x000000fee13a103a10d593b9ae06b3e05f2e7e1c,v0.8.19+commit.7dd6d404,67996
724,0xa397a8c2086c554b531c02e29f3291c9704b00c7,v0.8.15+commit.e14f2714,67925
725,0x0cfb5d82be2b949e8fa73a656df91821e2ad99fd,v0.8.2+commit.661d1103,67659
726,0xaa8330fb2b4d5d07abfe7a72262752a8505c6b37,v0.8.0+commit.c7dfd78e,67628
727,0x61fac5f038515572d6f42d4bcb6b581642753d50,v0.8.10+commit.fc410830,67562
728,0xb0ffa8000886e57f86dd5264b9582b2ad87b2b91,v0.8.23+commit.f704f362,67450
729,0xfaae2946e846133af314d1df13684c89fa7d83dd,v0.8.20+commit.a1b79de6,67393
730,0x8d50e8e087bdb834c8f684cfdaf54f6a25cbcd57,v0.8.9+commit.e5eed63a,67390
731,0x25121eddf746c884dde4619b573a7b10714e2a36,v0.8.1+commit.df193b15,67187
732,0x6c96de32cea08842dcc4058c14d3aaad7fa41dee,v0.8.10+commit.fc410830,67173
733,0x43f11c02439e2736800433b4594994bd43cd066d,v0.8.4+commit.c7e474f2,67068
734,0xd07e86f68c7b9f9b215a3ca3e79e74bf94d6a847,v0.8.4+commit.c7e474f2,66964
735,0xb4b9dc1c77bdbb135ea907fd5a08094d98883a35,v0.8.4+commit.c7e474f2,66911
736,0xbd3531da5cf5857e7cfaa92426877b022e612cf8,v0.8.6+commit.11564f7e,66889
737,0xfe4bce4b3949c35fb17691d8b03c3cadbe2e5e23,v0.8.20+commit.a1b79de6,66871
738,0x5bd63a7ecc13b955c4f57e3f12a64c10263c14c1,v0.8.12+commit.f00d7308,66869
739,0x54d2252757e1672eead234d27b1270728ff90581,v0.8.24+commit.e11b9ed9,66601
740,0xca7ca7bcc765f77339be2d648ba53ce9c8a262bd,v0.8.4+commit.c7e474f2,66543
741,0xbdeb4ba6a1bb01e01ed64f11ed8f6f4b906af52b,v0.8.20+commit.a1b79de6,66537
742,0xcab84bc21f9092167fcfe0ea60f5ce053ab39a1e,v0.8.22+commit.4fc1097e,66365
743,0x34f0915a5f15a66eba86f6a58be1a471fb7836a7,v0.8.7+commit.e28d00a7,66182
744,0x12652c6d93fdb6f4f37d48a8687783c782bb0d10,v0.8.9+commit.e5eed63a,66169
745,0x0323718324218dcbff7c9f89ba5a5954f61a6c74,v0.8.10+commit.fc410830,66095
746,0x893411580e590d62ddbca8a703d61cc4a8c7b2b9,v0.8.10+commit.fc410830,66042
747,0x0176b898e92e814c06cc379e508ceb571f70bd40,v0.8.6+commit.11564f7e,65882
748,0xd5d86fc8d5c0ea1ac1ac5dfab6e529c9967a45e9,v0.8.0+commit.c7dfd78e,65732
749,0x9ce84f6a69986a83d92c324df10bc8e64771030f,v0.8.2+commit.661d1103,65490
750,0x08c7676680f187a31241e83e6d44c03a98adab05,v0.8.20+commit.a1b79de6,65434
751,0x58dcc8691872663d1ff1219e4bd0a9f94ada68b3,v0.8.9+commit.e5eed63a,65278
752,0xe1a3d58dc6c516ef18628ce7e13cfe44b4ac1552,v0.8.19+commit.7dd6d404,65242
753,0x18084fba666a33d37592fa2633fd49a74dd93a88,v0.8.4+commit.c7e474f2,64916
754,0x30c789674ad3b458886bbc9abf42eee19ea05c1d,v0.8.15+commit.e14f2714,64867
755,0x6123b0049f904d730db3c36a31167d9d4121fa6b,v0.8.0+commit.c7dfd78e,64807
756,0xaaaaaaaaa24eeeb8d57d431224f73832bc34f688,v0.8.19+commit.7dd6d404,64574
757,0xed6f4747544d400f97619d2d8d2996496727712e,v0.8.19+commit.7dd6d404,64406
758,0xa1e2481a9cd0cb0447eeb1cbc26f1b3fff3bec20,v0.8.27+commit.40a35a09,64161
759,0x2ec90ef34e312a855becf74762d198d8369eece1,v0.8.26+commit.8a97fa7a,64103
760,0x76264869a3ebf51a59fca5aba84ee2867c7f190e,v0.8.19+commit.7dd6d404,64088
761,0x5406a6081262c2002378ee4a5d8af6007457d51e,v0.8.28+commit.7893614a,64026
762,0x4b5f49487ea7b3609b1ad05459be420548789f1f,v0.8.2+commit.661d1103,63855
763,0xa35b1b31ce002fbf2058d22f30f95d405200a15b,v0.8.9+commit.e5eed63a,63852
764,0x917cee801a67f933f2e6b33fc0cd1ed2d5909d88,v0.8.21+commit.d9974bed,63711
765,0x509b52749c2991b7472b3ee5876f5e0bca8f2429,v0.8.20+commit.a1b79de6,63705
766,0xf11ed77fd65840b64602526ddc38311e9923c81b,v0.8.4+commit.c7e474f2,63621
767,0x5d2828b83fd3767903cc635b0ba91f7711da338c,v0.8.27+commit.40a35a09,63579
768,0x2ad9addd0d97ec3cdba27f92bf6077893b76ab0b,v0.8.19+commit.7dd6d404,63453
769,0x487d62468282bd04ddf976631c23128a425555ee,v0.8.19+commit.7dd6d404,63405
770,0x3106a0a076bedae847652f42ef07fd58589e001f,v0.8.4+commit.c7e474f2,63272
771,0x569ae11686f1a6b3182224f6b041f50d4eb758e4,v0.8.7+commit.e28d00a7,63260
772,0x7251febeabb01ec9de53ece7a96f1c951f886dd2,v0.8.2+commit.661d1103,63198
773,0x52b35406cb2fb5e0038edecfc129a152a1f74087,v0.8.22+commit.4fc1097e,63153
774,0x9a1d00bed7cd04bcda516d721a596eb22aac6834,v0.8.19+commit.7dd6d404,63094
775,0x1a92f7381b9f03921564a437210bb9396471050c,v0.8.4+commit.c7e474f2,63000
776,0xb69753c06bb5c366be51e73bfc0cc2e3dc07e371,v0.8.18+commit.87f61d96,62976
777,0x89a8c847f41c0dfa6c8b88638bacca8a0b777da7,v0.8.24+commit.e11b9ed9,62927
778,0x7f792db54b0e580cdc755178443f0430cf799aca,v0.8.19+commit.7dd6d404,62924
779,0x06b964d96f5dcf7eae9d7c559b09edce244d4b8e,v0.8.20+commit.a1b79de6,62809
780,0xdbb7a34bf10169d6d2d0d02a6cbb436cf4381bfa,v0.8.20+commit.a1b79de6,62765
781,0xdf9aa1012fa49dc1d2a306e3e65ef1797d2b5fbb,v0.8.2+commit.661d1103,62713
782,0xe1b81cd6a494cbca06a8e2055a62c2cf0fa5a8ac,v0.8.2+commit.661d1103,62673
783,0xe7734d85375a975c5c0decd5d934eeb7461701cc,v0.8.9+commit.e5eed63a,62597
784,0x36b73d268a441164ea0e4e5560a579573a475ebf,v0.8.17+commit.8df45f5f,62544
785,0x65784d6f23de30a17122e96c0f0986c378ed6947,v0.8.15+commit.e14f2714,62527
786,0xb8506d42ad5fd6a672b42aec94b82846876d458e,v0.8.20+commit.a1b79de6,62426
787,0xdf4ffda22270c12d0b5b3788f1669d709476111e,v0.8.23+commit.f704f362,62312
788,0xbdbdbdd0c22888e63cb9098ad6d68439197cb091,v0.8.20+commit.a1b79de6,62129
789,0xed1167b6dc64e8a366db86f2e952a482d0981ebd,v0.8.17+commit.8df45f5f,62123
790,0x3b95bc951ee0f553ba487327278cac44f29715e5,v0.8.15+commit.e14f2714,61962
791,0xd729345aa12c5af2121d96f87b673987f354496b,v0.8.26+commit.8a97fa7a,61921
792,0xd6e4aa932147a3fe5311da1b67d9e73da06f9cef,v0.8.20+commit.a1b79de6,61887
793,0xcf6689206b4dd14f52182a52d4a93f129c4c7307,v0.8.9+commit.e5eed63a,61876
794,0x7039cd6d7966672f194e8139074c3d5c4e6dcf65,v0.8.17+commit.8df45f5f,61515
795,0xa4108aa1ec4967f8b52220a4f7e94a8201f2d906,v0.8.10+commit.fc410830,61464
796,0xd9b2cb2fbad204fc548787ef56b918c845fcce40,v0.8.29+commit.ab55807c,61348
797,0xb4357054c3da8d46ed642383f03139ac7f090343,v0.8.10+commit.fc410830,61328
798,0x562e362876c8aee4744fc2c6aac8394c312d215d,v0.8.14+commit.80d49f37,61297
799,0x64d91f12ece7362f91a6f8e7940cd55f05060b92,v0.8.3+commit.8d00100c,61222
800,0x8fac8031e079f409135766c7d5de29cf22ef897c,v0.8.2+commit.661d1103,61197
801,0xb4a8d45647445ea9fc3e1058096142390683dbc2,v0.8.19+commit.7dd6d404,61153
802,0x63696fc66795b51d02c1590b536484a41fbddf9a,v0.8.24+commit.e11b9ed9,61149
803,0xc21e4ebd1d92036cb467b53fe3258f219d909eb9,v0.8.18+commit.87f61d96,61142
804,0xd774557b647330c91bf44cfeab205095f7e6c367,v0.8.17+commit.8df45f5f,61112
805,0xbe6be64e9e5042b6e84e4c27956cce6353efa5f5,v0.8.22+commit.4fc1097e,61102
806,0x675b68aa4d9c2d3bb3f0397048e62e6b7192079c,v0.8.20+commit.a1b79de6,61015
807,0x56a3ba04e95d34268a19b2a4474dc979babdaf76,v0.8.29+commit.ab55807c,60981
808,0xaa95f26e30001251fb905d264aa7b00ee9df6c18,v0.8.13+commit.abaa5c0e,60891
809,0x00b19a5200a100e5fc4c9800772f4d002f218400,v0.8.19+commit.7dd6d404,60867
810,0x0d02755a5700414b26ff040e1de35d337df56218,v0.8.2+commit.661d1103,60564
811,0xdcd0f5ab30856f28385f641580bbd85f88349124,v0.8.26+commit.8a97fa7a,60489
812,0x89b69f2d1adffa9a253d40840b6baa7fc903d697,v0.8.4+commit.c7e474f2,60347
813,0xf042a49fb03cb9d98cba9def8711cee85dc72281,v0.8.4+commit.c7e474f2,60251
814,0x48c11b86807627af70a34662d4865cf854251663,v0.8.9+commit.e5eed63a,60225
815,0xa9f9bf2b643348c0884f2eba4f712e833da9a2b8,v0.8.24+commit.e11b9ed9,60061
816,0xe18a6a48a41f41d774342d5508cc327af10838b2,v0.8.23+commit.f704f362,60043
817,0x6adb2e268de2aa1abf6578e4a8119b960e02928f,v0.8.10+commit.fc410830,59994
818,0xdf31a70a21a1931e02033dbba7deace6c45cfd0f,v0.8.25+commit.b61c2a91,59983
819,0xdd3b11ef34cd511a2da159034a05fcb94d806686,v0.8.27+commit.40a35a09,59818
820,0x22514ffb0d7232a56f0c24090e7b68f179faa940,v0.8.22+commit.4fc1097e,59788
821,0x826180541412d574cf1336d22c0c0a287822678a,v0.8.20+commit.a1b79de6,59707
822,0x76e222b07c53d28b89b0bac18602810fc22b49a8,v0.8.21+commit.d9974bed,59573
823,0xe95fd76cf16008c12ff3b3a937cb16cd9cc20284,v0.8.6+commit.11564f7e,59572
824,0xb92fe925dc43a0ecde6c8b1a2709c170ec4fff4f,v0.8.28+commit.7893614a,59520
825,0x64776b0907b839e759f91a5a328ea143067ddcd7,v0.8.22+commit.4fc1097e,59174
826,0xacd2c239012d17beb128b0944d49015104113650,v0.8.20+commit.a1b79de6,59098
827,0xace8e719899f6e91831b18ae746c9a965c2119f1,v0.8.16+commit.07a7930e,58862
828,0xd5f7838f5c461feff7fe49ea5ebaf7728bb0adfa,v0.8.20+commit.a1b79de6,58805
829,0x69fa0fee221ad11012bab0fdb45d444d3d2ce71c,v0.8.4+commit.c7e474f2,58667
830,0x7b4328c127b85369d9f82ca0503b000d09cf9180,v0.8.6+commit.11564f7e,58607
831,0xc14d550632db8592d1243edc8b95b0ad06703867,v0.8.15+commit.e14f2714,58551
832,0x9fa69536d1cda4a04cfb50688294de75b505a9ae,v0.8.4+commit.c7e474f2,58517
833,0x1eb4a2620b909a8838e0e24a8e912bd32f4a47a3,v0.8.0+commit.c7dfd78e,58509
834,0x8fb956ce2921954c45cb3bb41978c4c6c9736af2,v0.8.9+commit.e5eed63a,58494
835,0x00000000008c57a1ce37836a5e9d36759d070d8c,v0.8.30+commit.73712a01,58473
836,0xbbbbbbbbbb9cc5e90e3b3af64bdaf62c37eeffcb,v0.8.19+commit.7dd6d404,58404
837,0x50343db63b24981397c6411ae2e4a11bf5f69d4b,v0.8.9+commit.e5eed63a,58371
838,0x3a05e5d33d7ab3864d53aaec93c8301c1fa49115,v0.8.15+commit.e14f2714,58365
839,0xc575bd129848ce06a460a19466c30e1d0328f52c,v0.8.23+commit.f704f362,58316
840,0xbd456973dfd5b00b07ce5307110c77e3f228ca3c,v0.8.26+commit.8a97fa7a,58275
841,0xe9689028ede16c2fdfe3d11855d28f8e3fc452a3,v0.8.23+commit.f704f362,58272
842,0xf621fb08bbe51af70e7e0f4ea63496894166ff7f,v0.8.7+commit.e28d00a7,58230
843,0x3e368b6c95c6fefb7a16dcc0d756389f3c658a06,v0.8.22+commit.4fc1097e,58224
844,0x15b543e986b8c34074dfc9901136d9355a537e7e,v0.8.3+commit.8d00100c,57954
845,0x8b71140ad2e5d1e7018d2a7f8a288bd3cd38916f,v0.8.13+commit.abaa5c0e,57849
846,0x638a98bbb92a7582d07c52ff407d49664dc8b3ee,v0.8.10+commit.fc410830,57739
847,0xa19f5264f7d7be11c451c093d8f92592820bea86,v0.8.19+commit.7dd6d404,57651
848,0xcbe6eb4545e10f1eca15e940abbdde522a3bba87,v0.8.2+commit.661d1103,57632
849,0xd11c452fc99cf405034ee446803b6f6c1f6d5ed8,v0.8.24+commit.e11b9ed9,57576
850,0xff836a5821e69066c87e268bc51b849fab94240c,v0.8.0+commit.c7dfd78e,57570
851,0x8f88ae3798e8ff3d0e0de7465a0863c9bbb577f0,v0.8.26+commit.8a97fa7a,57563
852,0xc4a5025c4563ad0acc09d92c2506e6744dad58eb,v0.8.7+commit.e28d00a7,57512
853,0xb4e7b8946fa2b35912cc0581772cccd69a33000c,v0.8.16+commit.07a7930e,57501
854,0xe3cbd06d7dadb3f4e6557bab7edd924cd1489e8f,v0.8.20+commit.a1b79de6,57432
855,0xfc1c93a2507975e98b9d0e9260ded61a00152bf1,v0.8.7+commit.e28d00a7,57408
856,0xefa3fa8e85d2b3cfdb250cdea156c2c6c90628f5,v0.8.24+commit.e11b9ed9,57375
857,0x07c78007ddcffa630fd908a815165e5b0af0c4f2,v0.8.24+commit.e11b9ed9,57215
858,0x8cfc184c877154a8f9ffe0fe75649dbe5e2dbebf,v0.8.3+commit.8d00100c,57162
859,0x1bf979282181f2b7a640d17ab5d2e25125f2de5e,v0.8.10+commit.fc410830,57051
860,0x8357b8b211a02d8d0d2e1d947f7a4898cfc5af41,v0.8.4+commit.c7e474f2,56952
861,0x679fb19dec9d66c34450a8563ffdfd29c04e615a,v0.8.10+commit.fc410830,56821
862,0x808e5cd160d8819ca24c2053037049eb611d0542,v0.8.18+commit.87f61d96,56816
863,0x12d737470fb3ec6c3deec9b518100bec9d520144,v0.8.25+commit.b61c2a91,56802
864,0xbce3781ae7ca1a5e050bd9c4c77369867ebc307e,v0.8.13+commit.abaa5c0e,56510
865,0xebdce9a913d9400ee75ef31ce8bd34462d01a1c1,v0.8.19+commit.7dd6d404,56464
866,0x817162975186d4d53dbf5a7377dd45376e2d2fc5,v0.8.28+commit.7893614a,56463
867,0x75cc0c0ddd2ccafe6ec415be686267588011e36a,v0.8.20+commit.a1b79de6,56436
868,0x84018071282d4b2996272659d9c01cb08dd7327f,v0.8.15+commit.e14f2714,56276
869,0xf1df7305e4bab3885cab5b1e4dfc338452a67891,v0.8.15+commit.e14f2714,56258
870,0x40d16fc0246ad3160ccc09b8d0d3a2cd28ae6c2f,v0.8.10+commit.fc410830,56162
871,0x5c5b196abe0d54485975d1ec29617d42d9198326,v0.8.25+commit.b61c2a91,56029
872,0xd799ebff3a2d3ae9dca57e8ecfd844b3268bd3dc,v0.8.9+commit.e5eed63a,55989
873,0x0d3cbed3f69ee050668adf3d9ea57241cba33a2b,v0.8.20+commit.a1b79de6,55883
874,0x364c828ee171616a39897688a831c2499ad972ec,v0.8.4+commit.c7e474f2,55792
875,0x0c2e57efddba8c768147d1fdf9176a0a6ebd5d83,v0.8.0+commit.c7dfd78e,55669
876,0x823556202e86763853b40e9cde725f412e294689,v0.8.6+commit.11564f7e,55575
877,0xc53dc593b69c67a209cf70d4172078c9125449bb,v0.8.6+commit.11564f7e,55477
878,0xc56c7a0eaa804f854b536a5f3d5f49d2ec4b12b8,v0.8.23+commit.f704f362,55432
879,0x9d7987d74c0b3ca8e8472f90c713c456dd656be8,v0.8.17+commit.8df45f5f,55354
880,0x45e02bc2875a2914c4f585bbf92a6f28bc07cb70,v0.8.17+commit.8df45f5f,55326
881,0x35d8949372d46b7a3d5a56006ae77b215fc69bc0,v0.8.20+commit.a1b79de6,55167
882,0xbd4455da5929d5639ee098abfaa3241e9ae111af,v0.8.0+commit.c7dfd78e,54841
883,0xbbbb2d4d765c1e455e4896a64ba3883e914abbbb,v0.8.28+commit.7893614a,54835
884,0x7e6027a6a84fc1f6db6782c523efe62c923e46ff,v0.8.2+commit.661d1103,54792
885,0x30a25cc9c9eade4d4d9e9349be6e68c3411367d3,v0.8.25+commit.b61c2a91,54702
886,0xadf7c35560035944e805d98ff17d58cde2449389,v0.8.9+commit.e5eed63a,54624
887,0x83cb71d80078bf670b3efec6ad9e5e6407cd0fd1,v0.8.21+commit.d9974bed,54610
888,0xb37d31b2a74029b5951a2778f959282e2d518595,v0.8.9+commit.e5eed63a,54167
889,0x826bb51954b93f1972a3472abf6dcd6672adb462,v0.8.18+commit.87f61d96,53886
890,0xe591293151ffdadd5e06487087d9b0e2743de92e,v0.8.23+commit.f704f362,53864
891,0x52a8845df664d76c69d2eea607cd793565af42b8,v0.8.2+commit.661d1103,53847
892,0x4cff49d0a19ed6ff845a9122fa912abcfb1f68a6,v0.8.0+commit.c7dfd78e,53832
893,0x80d55c03180349fff4a229102f62328220a96444,v0.8.0+commit.c7dfd78e,53794
894,0xa12cc123ba206d4031d1c7f6223d1c2ec249f4f3,v0.8.24+commit.e11b9ed9,53791
895,0xeb9bf100225c214efc3e7c651ebbadcf85177607,v0.8.15+commit.e14f2714,53786
896,0x9ab7bb7fdc60f4357ecfef43986818a2a3569c62,v0.8.2+commit.661d1103,53625
897,0xf3f04555f8fda510bfc77820fd6eb8446f59e72d,v0.8.4+commit.c7e474f2,53597
898,0xdc63269ea166b70d4780b3a11f5c825c2b761b01,v0.8.9+commit.e5eed63a,53597
899,0x7ddb2d76b80b0aa19bdea48eb1301182f4ceefbc,v0.8.19+commit.7dd6d404,53280
900,0x8ee5dd62a654a60f6f17a99d544102f37b58da26,v0.8.7+commit.e28d00a7,53247
901,0x1ecdb32e59e948c010a189a0798c674a2d0c6603,v0.8.9+commit.e5eed63a,53153
902,0xba83b5ed3f12bfa44f066f03ee0433419b74f469,v0.8.9+commit.e5eed63a,53105
903,0xba386a4ca26b85fd057ab1ef86e3dc7bdeb5ce70,v0.8.4+commit.c7e474f2,53063
904,0x79fcdef22feed20eddacbb2587640e45491b757f,v0.8.6+commit.11564f7e,53011
905,0x5b1085136a811e55b2bb2ca1ea456ba82126a376,v0.8.9+commit.e5eed63a,52980
906,0x9ead4027e4d6e91ca1cea053d6ccf638c17b86c9,v0.8.2+commit.661d1103,52968
907,0x74ae547220302d61aff9911b41509cb34e435610,v0.8.2+commit.661d1103,52898
908,0x8802269d1283cdb2a5a329649e5cb4cdcee91ab6,v0.8.23+commit.f704f362,52853
909,0x13239c268beddd88ad0cb02050d3ff6a9d00de6d,v0.8.27+commit.40a35a09,52833
910,0xe7c6bf469e97eeb0bfb74c8dbff5bd47d4c1c98a,v0.8.9+commit.e5eed63a,52705
911,0x944824290cc12f31ae18ef51216a223ba4063092,v0.8.20+commit.a1b79de6,52576
912,0xae68b7117be0026cbd4366303f74eecbb19e4042,v0.8.19+commit.7dd6d404,52486
913,0x77372a4cc66063575b05b44481f059be356964a4,v0.8.13+commit.abaa5c0e,52468
914,0x8292bb45bf1ee4d140127049757c2e0ff06317ed,v0.8.26+commit.8a97fa7a,52335
915,0xe98477bdc16126bb0877c6e3882e3edd72571cc2,v0.8.2+commit.661d1103,52196
916,0xe9663ae7d85d8f1ecee35e54538e846626a63b89,v0.8.9+commit.e5eed63a,52155
917,0x867a8fcd5bb6774d4d37fb342d669a35ff789a51,v0.8.21+commit.d9974bed,52113
918,0xfa7093cdd9ee6932b4eb2c9e1cde7ce00b1fa4b9,v0.8.12+commit.f00d7308,52053
919,0x6ff742845d45d29cb38fa075efc889247a52eb02,v0.8.28+commit.7893614a,51941
920,0x25722cd432d02895d9be45f5deb60fc479c8781e,v0.8.18+commit.87f61d96,51903
921,0xf61f24c2d93bf2de187546b14425bf631f28d6dc,v0.8.11+commit.d7f03943,51669
922,0x3bd7d4f524d09f4e331577247a048d56e4b67a7f,v0.8.21+commit.d9974bed,51650
923,0x043827a6dcfffb7fe21953d3bad32a1c74bb73bf,v0.8.7+commit.e28d00a7,51642
924,0x28d38df637db75533bd3f71426f3410a82041544,v0.8.20+commit.a1b79de6,51592
925,0x111fc50541cf398857df38fa23d586c18e0f96ce,v0.8.24+commit.e11b9ed9,51588
926,0x6448d7a20ece8c57212ad52b362b5c9b4feac27d,v0.8.9+commit.e5eed63a,51534
927,0x2da719db753dfa10a62e140f436e1d67f2ddb0d6,v0.8.3+commit.8d00100c,51510
928,0x73a15fed60bf67631dc6cd7bc5b6e8da8190acf5,v0.8.20+commit.a1b79de6,51502
929,0x32b053f2cba79f80ada5078cb6b305da92bde6e1,v0.8.12+commit.f00d7308,51439
930,0x827179dd56d07a7eea32e3873493835da2866976,v0.8.10+commit.fc410830,51357
931,0x7c838b25092925d0155a8358475bfe6c19921d9e,v0.8.2+commit.661d1103,51334
932,0xcb84d72e61e383767c4dfeb2d8ff7f4fb89abc6e,v0.8.1+commit.df193b15,51282
933,0xc9d198089d6c31d0ca5cc5b92c97a57a97bbfde2,v0.8.7+commit.e28d00a7,51281
934,0x19c10fff96b80208f454034c046ccc4445cd20ba,v0.8.19+commit.7dd6d404,51228
935,0xc3503192343eae4b435e4a1211c5d28bf6f6a696,v0.8.7+commit.e28d00a7,51125
936,0xc3d21f79c3120a4ffda7a535f8005a7c297799bf,v0.8.20+commit.a1b79de6,51078
937,0xafc9535a1893e860e148f5a53f1ac75607484a37,v0.8.10+commit.fc410830,50787
938,0x1ef1b6bb65cc49c3819ec9f2053000984cd7beb7,v0.8.9+commit.e5eed63a,50732
939,0x0a8d311b99ddaa9ebb45fd606eb0a1533004f26b,v0.8.15+commit.e14f2714,50644
940,0x378ba9b73309be80bf4c2c027aad799766a7ed5a,v0.8.7+commit.e28d00a7,50617
941,0x6f2c556c40c6ec683bb67ca241367ac14b0986ee,v0.8.27+commit.40a35a09,50538
942,0xf6680ea3b480ca2b72d96ea13ccaf2cfd8e6908c,v0.8.20+commit.a1b79de6,50506
943,0x2e424a4953940ae99f153a50d0139e7cd108c071,v0.8.4+commit.c7e474f2,50492
944,0xa47b5688c64b23bb7ad3fa8839269fddba41be43,v0.8.26+commit.8a97fa7a,50476
945,0xa8cb082a5a689e0d594d7da1e2d72a3d63adc1bd,v0.8.20+commit.a1b79de6,50318
946,0x7deb7bce4d360ebe68278dee6054b882aa62d19c,v0.8.4+commit.c7e474f2,50317
947,0x0000000000c5dc95539589fbd24be07c6c14eca4,v0.8.25+commit.b61c2a91,50247
948,0xb5fb4be02232b1bba4dc8f81dc24c26980de9e3c,v0.8.21+commit.d9974bed,50246
949,0x3b968d2d299b895a5fcf3bba7a64ad0f566e6f88,v0.8.4+commit.c7e474f2,50222
950,0xf497253c2bb7644ebb99e4d9ecc104ae7a79187a,v0.8.7+commit.e28d00a7,50177
951,0xa71d0588eaf47f12b13cf8ec750430d21df04974,v0.8.10+commit.fc410830,50137
952,0x5182fede730b31a9cf7f49c5781214b4a99f2370,v0.8.22+commit.4fc1097e,50110
953,0x6c76de483f1752ac8473e2b4983a873991e70da7,v0.8.24+commit.e11b9ed9,49935
954,0xa434d495249abe33e031fe71a969b81f3c07950d,v0.8.20+commit.a1b79de6,49847
955,0xbaac2b4491727d78d2b78815144570b9f2fe8899,v0.8.5+commit.a4f2e591,49808
956,0x1559fa1b8f28238fd5d76d9f434ad86fd20d1559,v0.8.6+commit.11564f7e,49762
957,0x8b63b3de93431c0f756a493644d128134291fa1b,v0.8.19+commit.7dd6d404,49700
958,0x2c95a9af4c9129ef70e2fe1c08c56e7116e50212,v0.8.19+commit.7dd6d404,49673
959,0xd93206bd0062cc054e397ecccdb8436c3fa5700e,v0.8.11+commit.d7f03943,49619
960,0x8f693ca8d21b157107184d29d398a8d082b38b76,v0.8.6+commit.11564f7e,49611
961,0x5078080686ac9381e18eec8ca0e05d4ee2d52484,v0.8.28+commit.7893614a,49409
962,0xe822c3d76ac133f7d9f12c39c1bf28a797624aa9,v0.8.15+commit.e14f2714,49376
963,0x2a036569dbbe7730d69ed664b74412e49f43c2c0,v0.8.10+commit.fc410830,49331
964,0x8fc17671d853341d9e8b001f5fc3c892d09cb53a,v0.8.22+commit.4fc1097e,49214
965,0x2e95cea14dd384429eb3c4331b776c4cfbb6fcd9,v0.8.4+commit.c7e474f2,49076
966,0x712bd4beb54c6b958267d9db0259abdbb0bff606,v0.8.17+commit.8df45f5f,48906
967,0x8bd3d1472a656e312e94fb1bbdd599b8c51d18e3,v0.8.9+commit.e5eed63a,48837
968,0x8e729198d1c59b82bd6bba579310c40d740a11c2,v0.8.9+commit.e5eed63a,48824
969,0xda3bd1fe1973470312db04551b65f401bc8a92fd,v0.8.20+commit.a1b79de6,48817
970,0xe6961dca8d597136fad600cf9ae4be2eb6254b30,v0.8.26+commit.8a97fa7a,48770
971,0xbeb5fc579115071764c7423a4f12edde41f106ed,v0.8.15+commit.e14f2714,48767
972,0x7abc8a5768e6be61a6c693a6e4eacb5b60602c4d,v0.8.21+commit.d9974bed,48754
973,0x3acce66cd37518a6d77d9ea3039e00b3a2955460,v0.8.7+commit.e28d00a7,48660
974,0x03a8a60b15588201f803e1abb2ba4e754d87603d,v0.8.7+commit.e28d00a7,48602
975,0xc747f9d3e6b34596977e79f09a2ab122042673e1,v0.8.10+commit.fc410830,48479
976,0x36e5913bf48ccbd361875d09c0a20a4c144da896,v0.8.9+commit.e5eed63a,48467
977,0xde67d97b8770dc98c746a3fc0093c538666eb493,v0.8.19+commit.7dd6d404,48455
978,0x2b316b6e4ffd1984a2de9b33e42787923d77f390,v0.8.22+commit.4fc1097e,48443
979,0xa760e26aa76747020171fcf8bda108dfde8eb930,v0.8.2+commit.661d1103,48320
980,0x3bf2922f4520a8ba0c2efc3d2a1539678dad5e9d,v0.8.5+commit.a4f2e591,48318
981,0x57891966931eb4bb6fb81430e6ce0a03aabde063,v0.8.17+commit.8df45f5f,48303
982,0xdd66781d0e9a08d4fbb5ec7bac80b691be27f21d,v0.8.7+commit.e28d00a7,48259
983,0xb6a37b5d14d502c3ab0ae6f3a0e058bc9517786e,v0.8.18+commit.87f61d96,48163
984,0xa3c66393049fab4830c330dfe658f94a4de0a122,v0.8.19+commit.7dd6d404,48162
985,0x34be5b8c30ee4fde069dc878989686abe9884470,v0.8.10+commit.fc410830,48119
986,0x57bedd7eb4c3118669f4f33a3cae4d4b554f24b7,v0.8.17+commit.8df45f5f,48101
987,0x3b612a5b49e025a6e4ba4ee4fb1ef46d13588059,v0.8.9+commit.e5eed63a,48046
988,0x3b9be07d622accaed78f479bc0edabfd6397e320,v0.8.0+commit.c7dfd78e,48000
989,0x6e6f6d696e61decd6605bd4a57836c5db6923340,v0.8.24+commit.e11b9ed9,47940
990,0xb9879cd06c904c2fdbc75d03534929b5e842f3a0,v0.8.9+commit.e5eed63a,47938
991,0x08c32b0726c5684024ea6e141c50ade9690bbdcc,v0.8.3+commit.8d00100c,47829
992,0x41f20599e9e049004c4d169046eb7023117a6244,v0.8.13+commit.abaa5c0e,47738
993,0x036676389e48133b63a802f8635ad39e752d375d,v0.8.21+commit.d9974bed,47695
994,0xac57de9c1a09fec648e93eb98875b212db0d460b,v0.8.4+commit.c7e474f2,47632
995,0xae41b275aaaf484b541a5881a2dded9515184cca,v0.8.15+commit.e14f2714,47601
996,0xe171afcd1e0394b3312e68ca823d5bc87f3db311,v0.8.22+commit.4fc1097e,47497
997,0x1a0c3ffcbd101c6f2f6650ded9964c4a568c4d72,v0.8.30+commit.73712a01,47367
998,0x3010ccb5419f1ef26d40a7cd3f0d707a0fa127dc,v0.8.25+commit.b61c2a91,47335
999,0xeffc18fc3b7eb8e676dac549e0c693ad50d1ce31,v0.8.10+commit.fc410830,47164
